1695,37.623417,127.066933,0
2301,37.524071,127.02179,0
2302,37.505581,127.024277,0
2303,37.511517,127.021477,0
2304,37.512527,127.035835,0
2305,37.520641,127.034508,0
2306,37.527122,127.028717,0
2307,37.528614,127.038559,0
2308,37.529301,127.035599,0
2309,37.518902,127.049385,0
2310,37.523613,127.040176,0
2311,37.517773,127.043022,0
2312,37.52058,127.056328,0
2313,37.525116,127.052467,0
2314,37.521275,127.061035,0
2315,37.514248,127.061119,0
2316,37.509575,127.063408,0
2317,37.515888,127.0662,1
2318,37.513577,127.055031,0
2319,37.506607,127.05468,0
2320,37.491928,127.056969,0
2321,37.496117,127.069443,0
2322,37.508091,127.063103,0
2323,37.502213,127.067207,0
2324,37.500439,127.066223,0
2325,37.49865,127.059319,0
2326,37.502396,127.0588,0
2327,37.490551,127.031464,0
2328,37.503586,127.042641,0
2329,37.502357,127.04319,0
2330,37.492199,127.039459,0
2331,37.498051,127.044601,0
2332,37.504208,127.048965,0
2333,37.485157,127.034073,0
2334,37.493759,127.045898,0
2335,37.486767,127.046761,0
2336,37.494236,127.047462,0
2337,37.492077,127.071976,0
2339,37.483261,127.052299,0
2340,37.477509,127.045174,0
2341,37.483311,127.084938,0
2342,37.494007,127.079514,0
2343,37.465317,127.107727,0
2344,37.465061,127.101196,0
2347,37.518639,127.0354,0
2348,37.507233,127.056854,0
2349,37.501545,127.038567,0
2350,37.494823,127.047905,0
2351,37.483879,127.089027,0
2352,37.51759,127.035027,0
2353,37.516811,127.040474,0
2354,37.519787,127.056763,0
2355,37.509121,127.062309,0
2356,37.51807,127.047119,0
2357,37.501949,127.04277,0
2358,37.481384,127.053917,0
2359,37.475605,127.050377,0
2360,37.492809,127.041389,0
2361,37.526844,127.028259,0
2362,37.517635,127.022453,0
2363,37.51918,127.027466,0
2364,37.52124,127.031898,0
2365,37.5233,127.038475,0
2368,37.489342,127.041298,0
2369,37.505428,127.052872,0
2370,37.496552,127.054298,0
2371,37.514748,127.035133,0
2372,37.494499,127.063797,0
2373,37.489277,127.065575,0
2375,37.48735,127.100998,0
2376,37.486778,127.100517,0
2377,37.486835,127.102753,0
2380,37.511696,127.049347,0
2381,37.506367,127.034523,0
2382,37.501343,127.050468,0
2383,37.466328,127.094887,0
2384,37.476028,127.105942,0
2385,37.51395,127.030151,0
2386,37.509586,127.040909,0
2387,37.472454,127.096077,0
2388,37.516785,127.051613,0
2389,37.48616,127.067238,0
2390,37.480881,127.063042,0
2391,37.475986,127.059624,0
2392,37.474579,127.05545,0
2393,37.472,127.051338,0
2394,37.479092,127.055397,0
2395,37.47929,127.055733,0
2396,37.485741,127.051048,0
2398,37.50811,127.039452,0
2401,37.486561,127.082672,0
2403,37.48872,127.074539,0
2404,37.49181,127.073158,0
2405,37.518711,127.05085,1
2406,37.51757,127.023643,0
2407,37.49847,127.030113,0
2408,37.477341,127.113274,0
2409,37.492062,127.030746,0
2410,37.499599,127.033752,0
2411,37.472969,127.112228,0
2412,37.491791,127.088211,0
2413,37.490959,127.054985,0
2414,37.488972,127.051827,0
2415,37.496674,127.053429,0
2416,37.495899,127.052193,0
2417,37.507999,127.04525,0
2418,37.513935,127.059822,0
2419,37.514309,127.0597,0
2420,37.496895,127.070137,0
2421,37.504673,127.025795,0
2422,37.484169,127.094849,0
2423,37.490837,127.08065,0
2425,37.464619,127.10685,0
2426,37.468296,127.104698,0
2427,37.484852,127.058373,0
2428,37.482368,127.061188,0
2429,37.527454,127.040428,0
2430,37.500244,127.036057,0
2431,37.494118,127.062904,0
1001,37.541805,127.124718,0
1002,37.545219,127.125916,1
1003,37.543915,127.125458,0
1004,37.553349,127.12886,0
1006,37.55492,127.142799,0
1007,37.559517,127.130844,0
1008,37.549549,127.127151,0
1009,37.538658,127.124214,0
1010,37.534481,127.138344,0
1011,37.534771,127.135239,0
1012,37.536026,127.122726,0
1013,37.530773,127.120926,0
1014,37.5508,127.142624,0
1015,37.550079,127.146912,1
1016,37.559399,127.171158,0
1017,37.535473,127.145172,0
1018,37.524681,127.135406,0
1019,37.526825,127.130028,0
1020,37.52829,127.126801,0
1021,37.564301,127.17395,0
1022,37.533764,127.138031,0
1023,37.549999,127.17469,0
1024,37.529251,127.123108,0
1025,37.546841,127.172516,0
1026,37.546631,127.155884,0
1027,37.535999,127.147697,0
1028,37.5331,127.12278,0
1029,37.536541,127.125397,0
1030,37.527061,127.12207,0
1031,37.555851,127.129898,0
1032,37.556728,127.136208,0
1033,37.557991,127.144707,0
1034,37.561909,127.150749,0
1035,37.555016,127.155273,0
1036,37.551998,127.153297,0
1037,37.562588,127.177612,0
1038,37.568668,127.174797,1
1039,37.561279,127.167801,0
1041,37.559196,127.153297,0
1042,37.568562,127.177002,0
1044,37.545399,127.142601,0
1047,37.536381,127.137253,0
1048,37.531013,127.142365,0
1049,37.56118,127.180267,0
1050,37.526695,127.135529,0
1051,37.554829,127.137321,0
1052,37.556469,127.156822,0
1053,37.562538,127.164528,1
1054,37.560009,127.169579,1
1056,37.563332,127.179092,0
1057,37.55579,127.173813,1
1058,37.553471,127.165001,1
1059,37.538181,127.131752,0
1060,37.544659,127.132637,0
1061,37.546928,127.134621,0
1062,37.551079,127.162621,1
3539,37.56382,127.132843,0
1063,37.556664,127.142738,0
1064,37.527794,127.147644,0
1065,37.531208,127.149269,0
1066,37.537766,127.152016,1
1067,37.549053,127.156403,0
1068,37.55365,127.156227,0
1069,37.553055,127.156883,0
1070,37.555702,127.157921,0
1071,37.555687,127.159912,1
1072,37.554863,127.153725,0
1073,37.541145,127.141052,0
1074,37.546837,127.149162,0
1075,37.541363,127.137184,0
1076,37.539894,127.141037,0
1077,37.536205,127.132561,0
1078,37.521976,127.133621,0
1079,37.561844,127.170845,0
1080,37.536831,127.128418,0
1081,37.536999,127.129532,0
1082,37.52956,127.14901,0
1083,37.560368,127.156593,0
1084,37.52393,127.129128,0
1085,37.554569,127.145874,0
1086,37.550598,127.145454,0
1088,37.528122,127.119522,0
1089,37.5606,127.146698,0
1090,37.556789,127.166145,0
1501,37.62608,127.026482,0
1503,37.639278,127.026756,0
1504,37.624157,127.018623,0
1506,37.640327,127.013359,0
1509,37.634377,127.035751,0
1510,37.633717,127.035515,0
1511,37.631123,127.036034,0
1512,37.644737,127.026566,0
1513,37.639648,127.025124,0
1514,37.638805,127.028358,0
1515,37.618286,127.024048,0
1516,37.638706,127.015907,0
1518,37.643085,127.016167,0
1519,37.645451,127.015617,0
1520,37.639862,127.022789,0
1522,37.654472,127.012756,0
1525,37.62714,127.026695,0
1526,37.641739,127.024628,0
1527,37.627335,127.026054,0
1528,37.615036,127.020699,0
1529,37.63018,127.02491,0
1530,37.643551,127.022346,0
1531,37.613956,127.030251,0
1532,37.626354,127.047447,0
1533,37.629917,127.040916,0
1534,37.619637,127.044533,1
1535,37.636292,127.023376,0
1536,37.636261,127.032173,0
1537,37.663666,127.012428,0
1538,37.656158,127.013138,1
1539,37.649673,127.013451,0
1540,37.64167,127.016884,0
1541,37.62653,127.018059,0
1542,37.621552,127.02037,0
1543,37.630188,127.017738,0
1545,37.62038,127.01368,0
1546,37.615459,127.029701,0
1547,37.618641,127.03624,1
1548,37.622688,127.037811,1
1551,37.646862,127.008812,0
1552,37.639202,127.027237,0
1553,37.635204,127.033966,0
1554,37.635391,127.034554,0
1557,37.632381,127.039307,0
1558,37.625526,127.037323,0
1560,37.619808,127.028526,0
1564,37.649597,127.013847,0
1565,37.635612,127.022995,0
1566,37.616516,127.018372,0
1568,37.647934,127.014572,0
1569,37.63797,127.025902,0
1101,37.581612,126.798599,0
1102,37.573643,126.811806,0
1103,37.577221,126.812195,0
1105,37.581623,126.812653,1
1106,37.573032,126.816452,0
1108,37.56356,126.81015,0
1109,37.563347,126.810486,0
1110,37.562683,126.816238,0
1111,37.566982,126.8218,0
1112,37.568577,126.824776,0
1113,37.573093,126.822899,1
1114,37.572781,126.826279,0
1115,37.551666,126.86409,0
1117,37.558197,126.844261,0
1118,37.557461,126.861458,0
1119,37.554253,126.867561,0
1120,37.565189,126.853996,0
1121,37.559479,126.86438,0
1122,37.561932,126.863869,1
1124,37.557968,126.838287,0
1125,37.552914,126.836571,0
1126,37.548908,126.836563,0
1127,37.540981,126.838547,0
1128,37.541412,126.840225,0
1129,37.542099,126.840218,0
1130,37.542751,126.842621,0
1131,37.546444,126.845459,1
1132,37.551109,126.863708,0
1135,37.546532,126.862549,0
1136,37.544788,126.862,0
1137,37.541431,126.86322,0
1139,37.536991,126.863365,0
1140,37.531399,126.863609,0
1141,37.52906,126.84848,0
1145,37.528919,126.848083,0
1146,37.530338,126.838257,0
1148,37.54147,126.84478,1
1149,37.567284,126.818275,0
1150,37.56155,126.810478,0
1151,37.560234,126.823471,0
1152,37.558666,126.826614,0
1153,37.55891,126.838097,0
1155,37.56926,126.848419,0
1157,37.550659,126.84977,0
1158,37.561035,126.854813,0
1159,37.565853,126.846596,0
1160,37.56768,126.840897,0
1161,37.549694,126.819664,0
1162,37.562679,126.820473,0
1163,37.570499,126.820084,0
1165,37.568447,126.821648,0
1166,37.562569,126.842461,0
1167,37.553467,126.825928,0
1168,37.560226,126.819069,0
1169,37.547199,126.874489,0
1170,37.549179,126.868797,0
1171,37.550049,126.873161,0
1172,37.561249,126.86058,0
1173,37.556259,126.853317,0
1174,37.556599,126.851471,0
1175,37.554379,126.857536,0
1177,37.55011,126.823677,0
1178,37.572472,126.806168,0
1180,37.557468,126.82972,0
1181,37.551044,126.818497,0
1182,37.556877,126.848808,0
1183,37.548321,126.853401,0
1184,37.55645,126.815979,0
1185,37.562901,126.849472,0
1186,37.554729,126.816093,0
1187,37.55302,126.818367,0
1188,37.571381,126.828339,0
1190,37.560501,126.826653,0
1191,37.560242,126.827164,0
1192,37.555538,126.826759,0
1193,37.559471,126.832077,0
1194,37.563301,126.836823,0
1195,37.564129,126.834312,0
1196,37.568241,126.835831,0
1197,37.560242,126.835808,0
1198,37.56255,126.827438,0
1199,37.547821,126.836128,0
1200,37.578449,126.798973,0
2701,37.565201,126.827316,0
2702,37.56918,126.819443,0
2703,37.547485,126.872025,0
2704,37.558334,126.854065,0
2706,37.576317,126.816498,0
2707,37.57037,126.844414,0
2708,37.564682,126.848908,0
2709,37.564587,126.856918,0
2710,37.570728,126.841568,0
2711,37.537361,126.837448,1
2712,37.538338,126.842392,0
2713,37.548534,126.846672,0
2714,37.553173,126.831238,0
2715,37.566883,126.827683,0
2716,37.569176,126.828217,0
2717,37.561337,126.833901,0
2718,37.554993,126.831894,0
2719,37.561371,126.830124,1
2720,37.559589,126.829781,0
2721,37.563145,126.839562,0
2722,37.560604,126.83873,0
2723,37.560894,126.836693,0
2724,37.568665,126.838799,0
2725,37.569294,126.836197,0
2727,37.564087,126.830849,0
2728,37.565804,126.828079,0
2729,37.569485,126.828095,0
2730,37.559128,126.834953,0
2731,37.554951,126.834732,0
2732,37.555145,126.829453,0
2733,37.55854,126.820107,0
2735,37.562294,126.823952,0
2736,37.566689,126.824699,0
2737,37.531693,126.846588,0
2739,37.553585,126.828568,0
2740,37.57272,126.832069,0
2741,37.550617,126.826881,0
2742,37.559402,126.850441,0
2102,37.48423,126.926392,0
2103,37.489178,126.919273,0
2104,37.476089,126.981331,0
2105,37.480251,126.914604,0
2106,37.473728,126.918404,0
2107,37.475471,126.936455,0
2108,37.483341,126.943199,0
2109,37.486225,126.935829,1
2110,37.483192,126.902031,0
2111,37.480869,126.953316,0
2112,37.481339,126.950645,0
2113,37.484661,126.9039,0
2115,37.479916,126.90284,0
2116,37.481705,126.950829,0
2119,37.484257,126.954697,0
2122,37.478058,126.960495,0
2127,37.464886,126.919479,0
2128,37.479164,126.952583,0
2129,37.469055,126.958145,0
2130,37.471989,126.958427,0
2135,37.484409,126.928909,0
2136,37.484577,126.929916,0
2137,37.484901,126.936531,0
2139,37.471165,126.937019,0
2140,37.478428,126.931862,0
2141,37.472294,126.933411,0
2143,37.470695,126.9422,0
2144,37.477776,126.916756,0
2145,37.486359,126.942924,0
2148,37.477028,126.963394,0
2156,37.480721,126.909325,0
2159,37.47509,126.959229,0
2160,37.478626,126.951294,0
2164,37.484768,126.932877,0
2165,37.476482,126.965363,0
2167,37.476295,126.964958,0
2169,37.482189,126.942131,0
2170,37.481529,126.912033,0
2171,37.481548,126.952003,0
2172,37.469406,126.944511,1
2173,37.48975,126.927467,0
2174,37.488564,126.928482,0
2175,37.487301,126.928703,0
2176,37.488991,126.916382,1
2177,37.487129,126.913017,0
2178,37.46682,126.948807,0
2179,37.482189,126.946159,0
2183,37.471828,126.933922,0
2184,37.489491,126.945923,0
2185,37.470467,126.938652,0
2186,37.478821,126.95961,0
2187,37.486736,126.947517,0
2189,37.482754,126.941406,0
2190,37.483688,126.939156,0
2191,37.470688,126.936485,0
2195,37.484646,126.934509,0
2196,37.483311,126.939026,0
2198,37.479465,126.956932,0
2199,37.478771,126.958695,0
2200,37.468567,126.946755,0
3304,37.477753,126.962364,0
3305,37.476776,126.964867,0
3306,37.462147,126.931778,0
3307,37.491226,126.956078,0
3310,37.476627,126.943642,0
3311,37.48122,126.951576,0
3500,37.557587,127.079697,0
3501,37.539501,127.083,0
3502,37.565659,127.084297,0
3503,37.550488,127.108955,0
3504,37.538052,127.076599,0
3505,37.535221,127.068398,0
3506,37.537014,127.061096,0
3507,37.545952,127.078003,0
3508,37.548222,127.067879,0
3509,37.553417,127.073196,0
3510,37.568649,127.08625,0
3516,37.543705,127.093246,0
3517,37.562527,127.082275,0
3518,37.556862,127.07914,0
3520,37.542519,127.084084,0
3521,37.543427,127.096619,0
3523,37.541718,127.08017,0
3524,37.550236,127.073822,0
3528,37.550598,127.110512,0
3529,37.549789,127.075928,1
3533,37.539139,127.070618,0
3534,37.540138,127.069283,0
3535,37.559158,127.087517,0
3536,37.531811,127.080742,0
3537,37.548489,127.093758,0
3541,37.54504,127.089958,0
3542,37.54504,127.089958,0
500,37.54707,127.074272,1
501,37.537308,127.070351,0
502,37.53186,127.067192,0
504,37.53297,127.075935,0
505,37.53701,127.082245,0
515,37.530235,127.08683,0
516,37.548405,127.069366,0
539,37.559795,127.074203,0
540,37.55603,127.078644,0
542,37.535465,127.094482,0
543,37.535969,127.094673,1
544,37.54073,127.102905,0
546,37.532478,127.085091,0
548,37.52977,127.07486,0
549,37.551224,127.089706,0
551,37.540062,127.094498,0
552,37.536579,127.092972,0
553,37.571255,127.079803,0
555,37.537849,127.092171,0
571,37.548496,127.07476,1
572,37.56538,127.08651,0
573,37.545231,127.084732,0
574,37.551849,127.088982,0
575,37.564293,127.086937,0
576,37.54483,127.104263,0
577,37.546547,127.106133,0
584,37.547829,127.072632,0
588,37.532688,127.067497,0
590,37.53989,127.073364,0
591,37.542778,127.075371,0
592,37.541912,127.077637,0
593,37.528587,127.077873,0
3543,37.551373,127.07444,0
3563,37.53651,127.091393,0
3564,37.547752,127.095757,0
3566,37.535072,127.076111,0
3569,37.539566,127.072441,0
3570,37.538097,127.08902,0
3571,37.54435,127.065407,0
3573,37.551338,127.076714,0
3575,37.536575,127.082581,0
3577,37.533386,127.075569,0
3578,37.555008,127.085815,0
3579,37.54789,127.067452,0
3581,37.54747,127.073967,0
3582,37.547989,127.069504,0
3586,37.557713,127.077271,0
1901,37.507332,126.87973,0
1904,37.51424,126.882874,0
1906,37.50972,126.890099,0
1907,37.489632,126.876259,0
1908,37.495285,126.872162,0
1910,37.497505,126.884377,0
1911,37.48494,126.901321,0
1912,37.4888,126.890663,0
1913,37.491032,126.892151,1
1914,37.494404,126.894447,0
1916,37.494141,126.889984,0
1920,37.504379,126.888298,0
1924,37.478741,126.895096,0
1925,37.499889,126.867699,0
1928,37.49947,126.868401,0
1929,37.505135,126.85276,1
1930,37.497684,126.853729,0
1931,37.494995,126.858253,0
1933,37.501583,126.84687,0
1936,37.494282,126.859215,0
1937,37.486061,126.852013,0
1941,37.493938,126.844055,0
1943,37.49279,126.824524,0
1946,37.503117,126.880386,0
1951,37.480289,126.8395,0
1952,37.482105,126.845726,0
1953,37.486385,126.839211,0
1955,37.482883,126.901039,0
1956,37.51001,126.88205,0
1957,37.493401,126.874329,0
1958,37.495781,126.890121,0
1959,37.496456,126.889587,0
1960,37.50285,126.889481,0
1961,37.508194,126.891304,1
1962,37.481602,126.892799,0
1964,37.49789,126.864502,0
1965,37.497231,126.859192,0
1966,37.496498,126.863098,0
1967,37.505138,126.844337,1
1968,37.498482,126.847504,1
1969,37.501904,126.828964,1
1971,37.490723,126.826393,0
1973,37.488598,126.836494,0
1974,37.50518,126.882538,0
1975,37.49258,126.894737,0
1976,37.48568,126.886703,0
1977,37.48621,126.838821,0
1979,37.492031,126.873772,0
1981,37.479431,126.842697,0
1983,37.502548,126.883881,0
1984,37.495266,126.888474,0
1985,37.498516,126.891991,0
1986,37.484859,126.895187,0
1987,37.490341,126.860931,0
1988,37.50605,126.860786,0
1991,37.496761,126.844963,0
1992,37.491798,126.83242,0
1993,37.48938,126.834198,0
1994,37.496998,126.87178,0
1996,37.495399,126.87101,0
1998,37.498569,126.871521,0
1999,37.495258,126.830658,0
2000,37.512329,126.886833,0
2801,37.484371,126.895424,0
2804,37.477375,126.820015,0
2805,37.48251,126.82576,0
2806,37.482597,126.826454,0
2807,37.480629,126.821816,0
2808,37.480808,126.821907,0
2809,37.477905,126.823113,0
2810,37.47794,126.823273,0
2812,37.479832,126.822754,0
2813,37.47937,126.82547,0
2814,37.479343,126.825638,0
2815,37.476013,126.81646,0
2816,37.474731,126.817009,0
2817,37.479897,126.84037,0
2818,37.482239,126.838532,0
2819,37.483665,126.841614,0
2820,37.493965,126.853043,0
2821,37.50119,126.863533,0
2822,37.50452,126.870552,0
2823,37.499813,126.874313,0
2824,37.510063,126.889565,1
2825,37.495453,126.880394,0
2826,37.488647,126.88047,0
1804,37.46653,126.888718,0
1805,37.482288,126.877769,0
1806,37.486214,126.878639,0
1808,37.473209,126.884941,0
1809,37.470779,126.885155,0
1812,37.479031,126.887299,0
1814,37.47422,126.894127,0
1816,37.446861,126.903831,1
1819,37.456478,126.895927,0
1820,37.44334,126.903358,0
1821,37.451458,126.902115,0
1822,37.452991,126.900909,0
1823,37.458912,126.89859,0
1824,37.46455,126.883728,1
1825,37.4547,126.891052,0
1826,37.456841,126.888344,0
1827,37.455849,126.893143,0
1828,37.475319,126.898888,0
1829,37.469139,126.897202,0
1830,37.47023,126.895073,0
1831,37.4725,126.897957,0
1833,37.466541,126.890282,0
1834,37.479084,126.879044,0
1835,37.47707,126.88443,0
1836,37.467403,126.908142,0
1839,37.477058,126.885185,0
1840,37.475101,126.888069,0
1841,37.476952,126.891869,0
1842,37.462574,126.90686,0
1843,37.477097,126.911133,0
1845,37.460289,126.892189,0
1846,37.460171,126.896042,0
1847,37.461033,126.8871,0
1848,37.476276,126.885391,0
1849,37.481354,126.88694,0
1850,37.48016,126.886368,0
1851,37.481232,126.881485,0
1852,37.451771,126.913399,0
1853,37.472481,126.895866,0
1854,37.47818,126.897408,0
1855,37.451321,126.897621,0
1856,37.478409,126.907372,0
1857,37.46056,126.887093,0
1858,37.437271,126.902687,0
1859,37.467999,126.886841,0
1861,37.436981,126.903297,0
1862,37.461346,126.897583,0
1863,37.460537,126.898605,0
1864,37.45652,126.899551,0
1865,37.456333,126.896454,0
1866,37.457779,126.889427,0
1867,37.480888,126.883804,0
1868,37.447853,126.902885,0
1869,37.459019,126.896713,0
1870,37.475071,126.903359,0
1601,37.615299,127.064468,0
1602,37.622662,127.061897,0
1603,37.624859,127.05014,0
1605,37.631622,127.061615,0
1606,37.619171,127.074928,0
1608,37.626614,127.072754,0
1610,37.620369,127.083641,0
1611,37.62994,127.076553,0
1616,37.635109,127.068329,0
1617,37.63715,127.063271,1
1619,37.649021,127.076408,0
1620,37.648209,127.070221,0
1623,37.638649,127.066292,0
1625,37.66,127.072968,0
1627,37.676941,127.055099,0
1628,37.673618,127.055252,0
1630,37.67625,127.055504,0
1634,37.669079,127.077591,1
1635,37.67271,127.08316,0
1636,37.649212,127.061768,0
1637,37.654701,127.0634,0
1639,37.680313,127.055069,0
1640,37.623863,127.068489,1
1641,37.621555,127.069511,1
1642,37.625435,127.088493,0
1643,37.617367,127.075211,0
1646,37.638489,127.107903,0
1650,37.63958,127.065102,1
1651,37.672375,127.055992,0
1652,37.68,127.05558,0
1653,37.6562,127.063622,0
1654,37.663792,127.075447,0
1655,37.631111,127.07016,0
1656,37.654999,127.067436,0
1657,37.654049,127.057327,0
1659,37.65033,127.071602,0
1660,37.642071,127.076622,0
1661,37.649639,127.065605,1
1662,37.654114,127.059151,0
1663,37.619381,127.057854,0
1664,37.649361,127.070442,1
1665,37.647335,127.076424,1
1666,37.655781,127.071777,0
1667,37.654499,127.074387,0
1668,37.645508,127.063255,0
1669,37.643757,127.064987,0
1670,37.64341,127.071838,0
1671,37.629349,127.054825,0
1672,37.688599,127.053406,0
1673,37.653976,127.060974,0
1674,37.653549,127.058083,0
1675,37.626942,127.05513,0
1677,37.623165,127.0905,0
1678,37.648438,127.064445,0
1679,37.64283,127.106667,0
1680,37.642654,127.108383,0
1681,37.645802,127.08226,0
1682,37.656799,127.077606,0
1683,37.650459,127.080887,0
1684,37.61832,127.07563,0
1685,37.64819,127.080482,0
1686,37.66114,127.058052,0
1688,37.665661,127.057297,0
1689,37.665249,127.057892,0
1690,37.65773,127.059311,0
1691,37.660709,127.065331,0
1692,37.664188,127.06601,0
1693,37.628189,127.082108,0
1696,37.686451,127.052834,0
1697,37.650249,127.057152,0
1700,37.665215,127.066139,0
2901,37.630001,127.065682,0
2902,37.62862,127.06691,0
2903,37.633259,127.0439,0
2904,37.650505,127.073982,0
2905,37.648163,127.078987,0
2907,37.630749,127.053108,0
2908,37.620003,127.058563,0
2909,37.615459,127.067452,0
2910,37.622093,127.074425,0
2911,37.659233,127.072098,0
2912,37.638191,127.073731,0
2913,37.666996,127.051529,0
2914,37.628925,127.081429,0
2915,37.635109,127.076599,0
2917,37.628071,127.046921,0
2919,37.639996,127.066574,1
2920,37.651035,127.06871,0
2921,37.645489,127.064583,0
1702,37.646172,127.05056,0
1703,37.68972,127.045197,0
1705,37.669224,127.046516,0
1706,37.665665,127.042671,0
1707,37.654461,127.038513,0
1708,37.65683,127.039848,0
1709,37.650127,127.035347,0
1713,37.647266,127.025879,0
1714,37.64463,127.044609,0
1715,37.653179,127.012787,0
1716,37.654202,127.050728,0
1717,37.655708,127.050102,0
1719,37.673283,127.043991,0
1720,37.668671,127.047981,0
1721,37.653015,127.046997,0
1722,37.657799,127.050049,0
1723,37.662079,127.027718,0
1725,37.647503,127.043312,0
1726,37.658588,127.03521,0
1727,37.678677,127.040764,0
1728,37.677666,127.046242,0
1729,37.68401,127.045792,0
1730,37.687592,127.045502,0
1731,37.6875,127.042557,0
1732,37.667599,127.042999,0
1733,37.662979,127.041939,0
1734,37.65815,127.032669,0
1735,37.679119,127.044983,0
1736,37.652241,127.037064,0
1737,37.639702,127.038834,0
1738,37.646309,127.052742,0
1741,37.645199,127.032982,0
1742,37.648891,127.023018,0
1743,37.650391,127.052193,0
1744,37.665272,127.043144,0
1746,37.666233,127.04332,0
1748,37.668983,127.043762,0
1749,37.666271,127.04599,0
1750,37.688267,127.048897,0
1751,37.652123,127.041702,0
1752,37.645481,127.048576,0
1754,37.646896,127.033432,0
1756,37.651447,127.044708,0
1757,37.655685,127.013382,1
1758,37.65728,127.013756,0
1759,37.677219,127.048637,0
1761,37.665623,127.03109,0
1762,37.655338,127.042419,0
1765,37.64967,127.035614,0
1767,37.66251,127.033279,0
1768,37.662052,127.028755,0
1770,37.661644,127.035774,0
1771,37.657967,127.03009,0
1772,37.658051,127.035759,0
1774,37.651348,127.034729,0
1775,37.651287,127.045548,0
600,37.589912,127.06868,0
601,37.575947,127.037361,0
602,37.572174,127.071388,0
604,37.569656,127.055962,1
605,37.5742,127.026497,0
606,37.584625,127.07029,0
607,37.602711,127.067863,0
608,37.58131,127.055344,0
609,37.587791,127.037361,0
610,37.573086,127.052162,0
612,37.573666,127.030815,0
613,37.575272,127.023468,0
614,37.577686,127.031013,0
615,37.576382,127.03511,0
616,37.582561,127.054367,0
617,37.574203,127.057693,0
621,37.574718,127.053391,0
622,37.577793,127.057831,0
623,37.583698,127.053856,0
624,37.574188,127.045891,0
625,37.568192,127.057175,0
626,37.561153,127.070969,0
627,37.578632,127.071907,0
628,37.586815,127.067543,0
630,37.574852,127.040306,0
631,37.568184,127.051277,0
633,37.580406,127.044823,0
634,37.59602,127.05983,0
635,37.587517,127.052773,0
636,37.5909,127.042587,0
637,37.591614,127.045792,0
638,37.583008,127.060974,0
639,37.585197,127.060951,0
640,37.582455,127.044495,0
641,37.573753,127.038536,0
643,37.566971,127.074417,0
646,37.561867,127.064377,0
647,37.602798,127.067268,0
648,37.5667,127.062424,0
650,37.591534,127.067741,0
652,37.57653,127.065941,0
654,37.577621,127.052109,1
656,37.587238,127.043137,0
657,37.57576,127.04837,0
658,37.572948,127.066147,0
659,37.57835,127.033386,0
660,37.577999,127.037628,0
661,37.594601,127.051964,0
663,37.594891,127.063026,0
664,37.584129,127.057938,0
665,37.599606,127.068642,0
666,37.603622,127.070831,0
667,37.586594,127.046997,0
668,37.568653,127.069183,0
669,37.572048,127.044663,0
670,37.589687,127.061409,0
671,37.577343,127.023377,0
672,37.57859,127.02385,0
673,37.58408,127.031036,0
674,37.586552,127.033142,0
675,37.572025,127.077004,0
676,37.581432,127.035477,0
677,37.580151,127.045799,0
678,37.576557,127.07431,0
679,37.577877,127.061684,0
680,37.592384,127.057411,0
681,37.579838,127.056374,0
2002,37.512844,126.952469,0
2003,37.513359,126.948059,1
2007,37.512939,126.934242,0
2008,37.509369,126.92807,1
2009,37.500076,126.921082,0
2012,37.488361,126.906227,0
2013,37.505852,126.939362,0
2015,37.499855,126.929565,0
2016,37.499645,126.927094,0
2020,37.504498,126.938988,0
2024,37.502178,126.948204,0
2025,37.50938,126.963615,0
2026,37.508587,126.963493,0
2027,37.507042,126.959152,0
2032,37.485508,126.981621,0
2033,37.481491,126.981583,0
2034,37.476891,126.980576,0
2036,37.494705,126.982391,0
2037,37.503189,126.97715,1
2038,37.503181,126.976089,0
2040,37.506359,126.969078,0
2041,37.486835,126.968048,0
2048,37.489087,126.97358,0
2050,37.513248,126.939972,0
2054,37.510548,126.944847,0
2056,37.494499,126.916527,0
2057,37.500881,126.94175,0
2058,37.513523,126.943527,0
2059,37.497078,126.917793,1
2060,37.484631,126.97155,0
2061,37.505928,126.969231,0
2062,37.486652,126.967842,0
2063,37.512901,126.926613,0
2064,37.505356,126.966179,0
2065,37.51199,126.927086,0
2066,37.489399,126.907112,0
2067,37.497669,126.919868,0
2068,37.488159,126.966476,0
2069,37.496601,126.953682,0
2070,37.51392,126.943069,0
2071,37.488869,126.971909,0
237,37.496513,126.914803,0
2073,37.486935,126.907562,0
2076,37.513577,126.955551,1
2077,37.511936,126.954163,0
2078,37.510838,126.961632,0
2079,37.506672,126.957779,0
2080,37.512135,126.925438,0
2081,37.513062,126.929512,0
2082,37.485615,126.981979,0
2083,37.504704,126.960732,0
2084,37.504562,126.946785,0
2085,37.502743,126.921578,0
2086,37.487412,126.974739,0
2088,37.500248,126.94973,0
2089,37.479107,126.981506,0
2090,37.48378,126.977921,0
2091,37.484135,126.977882,0
2092,37.503113,126.964714,0
2093,37.503212,126.954598,0
2094,37.495506,126.956375,0
2095,37.491501,126.982407,0
2096,37.502838,126.940338,0
101,37.549561,126.905754,0
102,37.555649,126.910629,0
103,37.554951,126.910835,0
104,37.550629,126.914986,0
105,37.550007,126.914825,0
106,37.548645,126.912827,0
107,37.55751,126.918503,0
108,37.552746,126.918617,0
109,37.547691,126.919983,0
111,37.547871,126.923531,0
112,37.549202,126.923203,0
113,37.557499,126.923805,0
114,37.55706,126.924423,0
118,37.547733,126.931763,0
119,37.545284,126.931053,1
120,37.545242,126.934113,0
121,37.549767,126.933174,0
122,37.547459,126.938377,0
124,37.55114,126.936989,0
125,37.549484,126.93895,0
126,37.550411,126.943848,0
127,37.55352,126.936951,0
129,37.555054,126.937569,0
130,37.554859,126.936157,0
136,37.556004,126.942299,0
142,37.557201,126.955666,0
143,37.544579,126.950218,0
144,37.543579,126.951324,0
145,37.54425,126.951637,0
146,37.539936,126.945824,0
147,37.539272,126.945915,0
148,37.542347,126.943024,0
150,37.552956,126.934341,0
151,37.555687,126.905548,0
152,37.55661,126.898018,0
153,37.564697,126.912613,0
154,37.560909,126.905495,0
155,37.56855,126.914513,0
156,37.549904,126.955147,0
157,37.553001,126.956688,0
181,37.551342,126.902672,0
182,37.551567,126.902847,0
183,37.565166,126.919395,0
184,37.558949,126.907753,0
185,37.542545,126.934296,1
186,37.563965,126.898209,1
199,37.566845,126.896446,0
400,37.587524,126.883003,0
401,37.586189,126.881615,0
402,37.582855,126.879822,0
403,37.58559,126.884727,1
405,37.582657,126.885788,0
406,37.581314,126.880585,0
407,37.580631,126.883675,0
408,37.580811,126.88665,0
409,37.579399,126.88916,0
410,37.577496,126.887772,0
411,37.577995,126.891472,0
412,37.575802,126.890739,0
413,37.571476,126.889687,0
414,37.57822,126.89447,0
415,37.577469,126.897362,0
416,37.575665,126.894447,0
417,37.575069,126.899918,0
418,37.570721,126.898979,0
419,37.56842,126.899429,0
420,37.566246,126.896179,0
421,37.565903,126.901184,0
422,37.569084,126.894424,0
424,37.57362,126.898048,0
425,37.584503,126.885597,0
426,37.549061,126.954178,0
427,37.569584,126.903816,0
432,37.563339,126.908203,0
436,37.556591,126.94619,0
437,37.54821,126.941383,0
438,37.56472,126.906769,0
439,37.535751,126.944038,1
440,37.570006,126.881149,1
487,37.54364,126.938309,0
488,37.584568,126.880211,0
489,37.583336,126.8834,1
490,37.582077,126.887665,1
491,37.575977,126.888069,0
492,37.573135,126.901848,0
493,37.556576,126.928856,0
495,37.542431,126.946999,0
497,37.551754,126.9123,0
498,37.564651,126.922127,0
3002,37.565044,126.903603,0
3003,37.548805,126.951073,0
3005,37.566246,126.902184,0
3006,37.57991,126.888237,0
3007,37.581947,126.890297,0
3008,37.577114,126.898361,0
3009,37.55584,126.920433,0
3010,37.558296,126.925385,0
3011,37.553429,126.933792,0
110,37.568199,126.917847,0
115,37.558933,126.927116,0
116,37.564541,126.927071,0
117,37.59116,126.94133,0
123,37.59433,126.947388,1
128,37.555496,126.93634,0
131,37.584171,126.911102,0
133,37.582031,126.908997,0
134,37.557892,126.93808,0
135,37.559101,126.939178,0
137,37.556812,126.943184,0
138,37.559177,126.934525,0
139,37.559795,126.934479,0
140,37.560009,126.940735,0
141,37.562382,126.932648,0
158,37.571259,126.96048,1
159,37.556953,126.946342,0
160,37.557549,126.959381,0
161,37.582245,126.950645,0
162,37.565269,126.946243,0
163,37.583698,126.924965,0
164,37.574478,126.910049,0
165,37.575138,126.91394,1
166,37.573277,126.919678,0
167,37.57946,126.91713,0
169,37.573002,126.907799,0
170,37.573112,126.922447,0
171,37.564724,126.967278,0
173,37.564777,126.966148,0
175,37.578072,126.930817,0
176,37.581097,126.924026,0
177,37.577675,126.909805,0
178,37.579876,126.906349,0
179,37.569122,126.914795,0
180,37.559967,126.962463,0
188,37.586388,126.935127,0
191,37.578892,126.910736,0
192,37.572227,126.923065,1
194,37.577316,126.902969,0
195,37.567657,126.917809,0
196,37.56612,126.925896,0
198,37.562138,126.963776,0
3100,37.557396,126.952164,0
3101,37.578381,126.936096,0
3102,37.567966,126.931725,0
3103,37.5867,126.94677,0
3104,37.558128,126.956207,0
3105,37.597149,126.93853,0
3106,37.574909,126.926147,0
3107,37.56974,126.933327,0
3109,37.592934,126.941292,0
3110,37.589283,126.936943,0
3111,37.582211,126.950165,0
3112,37.57386,126.958298,0
3113,37.572205,126.959747,0
3114,37.560463,126.965523,0
3115,37.561455,126.95575,0
3116,37.555504,126.937203,0
3117,37.564068,126.945328,0
3119,37.565197,126.929855,0
3120,37.569836,126.918091,0
3121,37.570652,126.912987,0
3122,37.574284,126.906464,0
3123,37.572388,126.915108,0
3124,37.578121,126.921753,0
3125,37.575642,126.927826,0
3126,37.583344,126.922745,0
3127,37.583336,126.936287,0
3128,37.581318,126.935997,0
3129,37.576263,126.911324,0
3130,37.574348,126.918823,0
3131,37.572159,126.921188,0
3132,37.591862,126.944214,0
3133,37.557114,126.948814,0
3134,37.561317,126.966583,0
2201,37.453281,127.051483,0
2202,37.448936,127.054375,0
2203,37.447659,127.055016,0
2205,37.453751,127.05938,1
2206,37.454357,127.062103,0
2207,37.454407,127.064926,0
2210,37.505096,127.013107,0
2211,37.502636,127.012314,0
2212,37.500961,127.017929,0
2213,37.502232,127.002258,0
2214,37.504116,126.99749,0
2215,37.501713,126.995476,0
2217,37.513046,127.005959,0
2219,37.506199,127.003944,0
2220,37.500614,126.98616,0
2221,37.485611,126.994682,0
2222,37.478069,126.982033,0
2223,37.47261,126.983009,0
2225,37.473759,126.995247,0
2226,37.475182,127.001389,0
2227,37.489052,126.992523,0
2228,37.489586,126.986725,1
2229,37.487011,126.984962,0
2230,37.485828,126.982628,0
2231,37.496914,127.024963,0
2233,37.491112,127.022957,0
2235,37.482159,127.002701,0
2237,37.484558,127.01487,0
2239,37.494217,127.013786,0
2241,37.485378,127.041702,0
2242,37.48399,127.03418,0
2243,37.481491,127.036728,0
2244,37.477852,127.03891,0
2245,37.473614,127.03051,0
2246,37.4692,127.029007,0
2247,37.462639,127.026619,1
2248,37.459953,127.024742,0
2249,37.456234,127.019348,0
2250,37.455799,127.016289,0
2251,37.467506,127.034477,0
2252,37.463322,127.036041,0
2255,37.47044,127.038857,1
2256,37.46769,127.040359,0
2257,37.462688,127.046112,0
2258,37.471539,127.050591,0
2259,37.512989,127.011177,0
2262,37.516598,127.00959,0
2263,37.471928,127.02684,0
2264,37.488556,126.982574,0
2265,37.494743,126.983063,0
2266,37.49054,127.008163,0
2268,37.502319,127.02227,0
2269,37.510349,127.016052,0
2270,37.448967,127.057739,0
2271,37.487865,126.994293,0
2272,37.487309,127.010582,0
2273,37.477829,127.038269,0
2274,37.46965,127.039612,1
2275,37.461578,127.048798,0
2276,37.474388,127.038902,1
2277,37.51487,127.015282,0
2279,37.493618,127.014183,0
2280,37.484161,127.010971,0
2281,37.475979,126.986282,0
2282,37.477203,127.005836,0
2283,37.486526,126.989166,0
2284,37.468102,126.986801,0
2285,37.457424,127.022652,0
2286,37.458549,127.055885,0
2287,37.45562,127.067101,0
2288,37.455608,127.064453,0
2289,37.464298,126.988525,0
2290,37.499413,126.999413,1
2292,37.488243,127.027016,0
2293,37.484798,127.036995,0
2294,37.475906,127.046242,0
2297,37.485672,127.015923,0
2298,37.502411,127.021606,0
2299,37.486469,127.028061,0
2501,37.450661,127.05706,0
2502,37.491951,127.008553,0
2503,37.503811,127.021362,0
2504,37.515881,127.019302,0
2505,37.493259,127.029533,0
2506,37.479092,126.990677,0
2508,37.482979,127.042259,0
2509,37.498371,126.992462,0
2510,37.48304,127.021461,0
2511,37.483662,126.982323,0
2514,37.503643,127.016022,0
2515,37.498928,127.024727,0
2516,37.454418,127.052742,0
2517,37.48716,127.024376,0
2518,37.487484,127.025147,0
2519,37.491009,127.023521,0
2520,37.496193,127.021011,0
2521,37.495564,127.01918,0
2523,37.510193,127.007256,0
2524,37.507351,127.008019,0
2525,37.505608,127.002159,0
2526,37.504787,126.999924,0
2527,37.502674,126.993698,0
2528,37.493771,126.990067,0
2529,37.489918,126.992081,0
2530,37.497795,126.987068,0
2531,37.494205,126.989357,0
2532,37.478203,127.008781,0
2533,37.481098,127.014061,0
2534,37.455631,127.080978,0
2535,37.503624,126.997322,0
2536,37.459248,127.041634,0
2537,37.482571,127.036438,0
2538,37.520267,127.015251,1
2539,37.464897,127.044182,0
2540,37.498455,126.996643,0
2541,37.430977,127.070335,0
2542,37.505089,127.023911,0
2545,37.497688,127.002388,0
3511,37.55125,127.035103,0
3513,37.56461,127.029198,0
3514,37.566261,127.023697,0
3515,37.542816,127.042084,1
3525,37.546089,127.02507,0
3527,37.56179,127.024391,0
3530,37.560146,127.02636,0
3531,37.554779,127.024841,0
3532,37.56068,127.026779,0
3538,37.550892,127.044762,0
506,37.549061,127.057793,0
507,37.548203,127.057114,0
508,37.545166,127.05751,0
509,37.539654,127.052589,0
510,37.541222,127.0438,1
511,37.544582,127.044609,1
512,37.548561,127.045006,0
513,37.546307,127.049805,0
514,37.54258,127.063309,0
518,37.571526,127.035355,0
519,37.566994,127.029915,0
520,37.563858,127.030319,0
521,37.561447,127.03492,0
522,37.548641,127.016426,0
523,37.543663,127.014061,0
524,37.5522,127.025055,0
525,37.558052,127.040352,0
526,37.563511,127.056725,1
529,37.561371,127.06366,0
530,37.568748,127.030403,0
533,37.548149,127.021088,0
534,37.548634,127.025726,0
535,37.553986,127.033592,0
536,37.55735,127.029213,0
537,37.560356,127.041397,0
538,37.56765,127.051155,0
550,37.57164,127.03566,0
556,37.542053,127.020401,1
557,37.567642,127.025696,0
558,37.564606,127.036522,0
559,37.561096,127.036797,0
560,37.551205,127.068932,0
561,37.542816,127.04467,1
562,37.559246,127.07341,0
563,37.547913,127.062752,0
564,37.547928,127.015572,0
565,37.541363,127.017662,0
567,37.54459,127.057083,0
568,37.571102,127.02356,0
569,37.549583,127.030243,0
578,37.548286,127.062088,0
579,37.565205,127.041847,0
581,37.561012,127.054237,0
582,37.543179,127.04908,0
583,37.56797,127.04689,0
585,37.536808,127.055489,0
586,37.565941,127.045395,0
587,37.545418,127.052643,0
589,37.544159,127.056656,0
594,37.558365,127.056908,0
3544,37.554539,127.043778,0
3545,37.55658,127.043358,0
3547,37.564381,127.02887,0
3548,37.546959,127.047669,0
3549,37.555141,127.071106,0
3550,37.544041,127.023201,0
3551,37.559799,127.056328,0
3552,37.541958,127.04277,1
3553,37.565979,127.043114,0
3555,37.566818,127.029152,0
3556,37.555313,127.019791,0
3557,37.55653,127.039131,0
3558,37.563396,127.04187,0
3559,37.54591,127.044601,0
3560,37.563709,127.05645,0
3561,37.559269,127.038399,0
1302,37.588764,127.00631,0
1303,37.591694,127.012497,0
1304,37.594402,126.99231,1
1305,37.589329,127.016434,0
1306,37.588448,127.006706,0
1308,37.582592,127.028976,0
1313,37.603249,127.014648,0
1314,37.60244,127.011688,0
1315,37.607761,127.003281,0
1316,37.607262,127.002838,0
1318,37.603085,127.024788,0
1319,37.603043,127.033272,0
1320,37.59827,127.035027,0
1321,37.593288,127.036667,0
1322,37.598068,127.039276,0
1323,37.600433,127.040207,0
1325,37.605808,127.047737,0
1326,37.606068,127.047318,0
1327,37.607342,127.050682,0
1328,37.602627,127.041634,0
1332,37.613556,127.066093,0
1333,37.610523,127.059799,0
1334,37.612999,127.06131,0
1336,37.591251,127.014008,0
1337,37.590382,127.017136,0
1338,37.586899,127.020752,0
1339,37.610569,127.033508,0
1340,37.61956,127.053802,0
1342,37.592617,126.997932,0
1343,37.589249,127.007378,0
1344,37.600288,127.013702,0
1346,37.608978,127.020248,1
1347,37.607105,127.0215,0
1348,37.604752,127.022758,0
1349,37.623829,127.050201,0
1351,37.579449,127.024193,0
1352,37.583881,127.017097,0
1353,37.60083,127.023552,0
1354,37.590714,127.036194,0
1355,37.588699,127.018913,0
1357,37.612072,127.008133,0
1358,37.60479,127.010582,0
1359,37.619801,127.045097,0
1360,37.603096,127.013504,0
1361,37.592842,127.002121,0
1362,37.585098,127.019676,0
1363,37.583752,127.02195,0
1364,37.590172,127.004089,0
1365,37.593361,126.999092,0
1366,37.59972,127.040382,0
1367,37.603512,127.02256,0
1368,37.59148,127.020103,0
1369,37.609131,127.030029,0
1370,37.59454,126.995209,0
1372,37.586445,127.031601,0
1373,37.602291,127.038979,0
1375,37.603909,127.037376,0
1376,37.600239,127.04538,0
1377,37.603958,127.045341,0
1379,37.60936,127.018173,0
1380,37.601086,127.041237,0
1381,37.614784,127.067001,0
1382,37.60843277,127.0363236,0
1383,37.591095,127.003777,0
1384,37.592827,127.016289,0
1385,37.592365,127.016289,0
1386,37.594158,127.018967,0
1388,37.590881,127.011704,0
1390,37.606461,127.061623,0
1391,37.617073,127.056244,0
1392,37.597099,127.022629,0
1393,37.597778,127.021507,0
1394,37.602417,127.019714,0
1395,37.618179,127.051834,0
1396,37.618443,127.051453,0
1397,37.612103,127.036591,0
1201,37.493179,127.118546,0
1203,37.493729,127.120621,0
1204,37.493343,127.14473,0
1205,37.510429,127.071373,0
1206,37.51128,127.078239,0
1207,37.499756,127.152504,0
1208,37.529675,127.119789,0
1209,37.520451,127.104202,0
1210,37.513126,127.10096,0
1211,37.512104,127.10778,0
1212,37.499413,127.112869,0
1213,37.50766,127.132736,1
1214,37.502594,127.127647,0
1215,37.516571,127.131538,1
1217,37.479305,127.129799,0
1218,37.508968,127.125839,0
1220,37.505692,127.084038,1
1221,37.5042,127.087532,0
1222,37.511982,127.085052,0
1224,37.512169,127.078934,0
1226,37.520077,127.112366,0
1227,37.493126,127.143822,0
1228,37.4977,127.146202,0
1229,37.490688,127.143127,0
1230,37.49567,127.130592,0
1231,37.514088,127.09903,0
1232,37.512089,127.096191,0
1233,37.510509,127.093369,0
1235,37.508339,127.088142,0
1239,37.480843,127.118011,0
1240,37.480576,127.118568,0
1241,37.481239,127.119797,0
1242,37.48209,127.119743,0
1243,37.484531,127.120163,0
1244,37.481537,127.122124,0
1245,37.479465,127.125328,0
1246,37.477509,127.126328,0
1247,37.478821,127.123512,0
1248,37.513962,127.121674,0
1249,37.505463,127.077347,0
1250,37.489872,127.11084,0
1251,37.505932,127.10775,0
1253,37.501652,127.128181,0
1256,37.491131,127.125809,0
1257,37.4921,127.117752,0
1258,37.493198,127.128998,0
1259,37.508984,127.126595,0
1260,37.506302,127.121399,0
1262,37.505802,127.109718,0
1263,37.480541,127.137016,0
1264,37.538582,127.122803,0
1265,37.486149,127.124802,1
1266,37.478809,127.120003,1
1269,37.511944,127.091217,0
1271,37.499985,127.135391,0
1274,37.532848,127.121048,0
1275,37.504589,127.139366,0
1277,37.503757,127.137093,0
1278,37.515831,127.106796,0
1279,37.497517,127.154678,0
1280,37.495659,127.157173,0
1282,37.499874,127.141479,0
1283,37.505455,127.131752,1
1285,37.47747,127.144592,0
1286,37.474377,127.140671,0
1287,37.477531,127.141518,0
1288,37.487999,127.131088,0
1289,37.531471,127.111092,0
1290,37.474659,127.137718,0
1291,37.521938,127.131866,0
1293,37.506561,127.096558,0
1295,37.513962,127.100304,0
1296,37.508678,127.103432,1
1297,37.509201,127.104118,0
1299,37.519878,127.136711,0
1300,37.506939,127.139221,0
2601,37.506748,127.098831,0
2603,37.480801,127.130341,0
2604,37.531311,127.111282,0
2605,37.471298,127.12709,0
2606,37.481739,127.143227,1
2607,37.47065,127.127113,0
2608,37.514359,127.106194,0
2609,37.520489,127.135201,0
2610,37.510441,127.106377,0
2611,37.536331,127.11618,0
2612,37.489071,127.109299,0
2613,37.516781,127.090492,0
2614,37.501862,127.117233,0
2615,37.48835,127.120781,0
2616,37.496078,127.140106,0
2617,37.496181,127.138031,0
2618,37.504711,127.087563,0
2619,37.502338,127.096443,0
2620,37.509979,127.112312,0
2621,37.516659,127.116257,0
2622,37.516258,127.130592,1
2623,37.503624,127.103554,0
2625,37.495876,127.108505,0
2626,37.49543,127.123108,0
2627,37.491123,127.135109,1
2628,37.486698,127.122444,0
2629,37.485218,127.115402,0
2630,37.507866,127.116989,0
2631,37.497414,127.096306,0
2632,37.502644,127.097397,0
2633,37.47813,127.147217,0
2634,37.477211,127.137177,0
2635,37.511295,127.086739,0
2637,37.511463,127.078812,0
2638,37.526814,127.118149,0
2639,37.505505,127.106575,0
2641,37.497726,127.107033,0
2642,37.501495,127.147781,0
2643,37.525291,127.112473,0
2644,37.501984,127.138046,0
2645,37.515049,127.081612,0
2646,37.507759,127.091293,0
2647,37.51157,127.101074,0
2648,37.494698,127.104645,0
2649,37.505444,127.132332,1
2650,37.47855,127.138138,0
2651,37.495773,127.12458,0
2652,37.508831,127.134262,0
2653,37.511498,127.12912,1
2654,37.509975,127.133698,0
2655,37.50058,127.118843,1
2656,37.524525,127.11451,0
2657,37.478825,127.132668,0
700,37.546848,126.872772,0
701,37.532803,126.86393,0
702,37.532543,126.868729,0
703,37.524063,126.87558,0
704,37.523254,126.864906,0
706,37.521881,126.851753,0
707,37.515156,126.854897,0
708,37.51897,126.869965,0
709,37.511585,126.84156,0
710,37.510658,126.842537,0
711,37.517059,126.848488,0
712,37.516998,126.838318,0
713,37.533047,126.829956,0
714,37.532547,126.830803,0
716,37.517281,126.864334,0
719,37.530369,126.864258,0
720,37.516197,126.8349,0
722,37.521435,126.857384,0
723,37.529163,126.872749,0
724,37.510681,126.857399,1
725,37.524334,126.850548,0
726,37.534389,126.869598,0
729,37.51038,126.866798,0
731,37.5299,126.876541,0
732,37.539551,126.8283,0
733,37.514099,126.831001,0
734,37.51395,126.856056,1
735,37.53643,126.871521,0
736,37.52219,126.8367,1
737,37.52256,126.84948,1
739,37.536201,126.827797,0
740,37.536369,126.831711,1
741,37.53952,126.825401,0
742,37.550732,126.864578,0
743,37.5089,126.842682,0
744,37.543842,126.882545,0
745,37.522282,126.839699,0
746,37.536503,126.877747,0
747,37.53458,126.875648,0
748,37.530251,126.879303,0
749,37.537228,126.886612,0
750,37.512157,126.835625,1
752,37.542183,126.863304,0
754,37.541142,126.876678,0
755,37.537868,126.881409,0
756,37.52668,126.876167,0
757,37.514278,126.828743,0
758,37.514721,126.8592,0
759,37.524071,126.8386,0
760,37.506821,126.844299,0
762,37.524551,126.877052,0
763,37.510658,126.859161,0
764,37.531029,126.875893,0
765,37.524776,126.875481,0
766,37.54426,126.88325,0
767,37.505745,126.836311,0
768,37.535919,126.882446,0
769,37.527855,126.874672,0
770,37.525715,126.864868,0
771,37.527706,126.870064,0
773,37.546707,126.874573,0
774,37.549507,126.867218,0
775,37.538376,126.863831,0
776,37.538742,126.885681,1
777,37.530128,126.834778,0
779,37.518845,126.853684,0
780,37.516907,126.877586,0
781,37.517593,126.876556,0
782,37.511673,126.832741,0
785,37.517326,126.866303,0
786,37.520439,126.868401,0
787,37.507904,126.862648,0
788,37.512379,126.865555,0
790,37.527607,126.848755,0
791,37.52478,126.869835,0
792,37.525372,126.870926,0
200,37.528416,126.913918,0
201,37.531239,126.921333,0
202,37.528816,126.92453,0
203,37.528057,126.918701,0
204,37.528164,126.917023,0
205,37.526264,126.920509,0
206,37.524666,126.918022,0
207,37.526989,126.932098,0
209,37.524612,126.927834,0
210,37.526066,126.925537,0
211,37.522228,126.924637,0
212,37.521362,126.923462,0
213,37.521908,126.918953,0
214,37.523022,126.920837,0
215,37.524837,126.934906,0
216,37.523491,126.932899,0
217,37.522079,126.930367,0
218,37.523277,126.929237,0
219,37.520695,126.925835,0
220,37.519363,126.926048,0
221,37.522675,126.93779,0
222,37.519436,126.937599,0
223,37.519314,126.933167,0
224,37.520088,126.932365,0
225,37.517368,126.929253,1
226,37.517765,126.928413,0
227,37.544666,126.888359,0
228,37.53846,126.894508,0
229,37.535873,126.892181,0
230,37.524635,126.896217,0
231,37.524506,126.891823,0
232,37.52565,126.887817,0
233,37.528488,126.891647,0
234,37.500462,126.905846,0
235,37.504566,126.910233,0
236,37.516155,126.894615,0
238,37.526386,126.902756,0
239,37.525852,126.903282,0
240,37.518738,126.895576,0
241,37.505329,126.898483,1
242,37.510933,126.910225,0
243,37.527084,126.89138,0
244,37.530079,126.905708,0
245,37.528263,126.896629,0
247,37.533688,126.902107,0
248,37.531055,126.92421,0
249,37.52412,126.936546,0
250,37.507641,126.92308,0
251,37.504494,126.921951,0
252,37.499828,126.919945,0
253,37.500648,126.909515,0
254,37.503803,126.903419,0
255,37.506573,126.901131,0
256,37.509476,126.8993,0
257,37.513844,126.919357,0
258,37.517693,126.914299,0
259,37.513592,126.925934,0
260,37.53368,126.912086,0
262,37.519928,126.889183,0
263,37.517151,126.888626,0
264,37.521931,126.891617,0
265,37.521133,126.896538,0
266,37.520294,126.901192,0
267,37.535961,126.8983,0
268,37.534718,126.900002,0
270,37.522343,126.927101,0
271,37.518963,126.921616,1
272,37.535339,126.903679,0
274,37.516651,126.90799,0
275,37.522816,126.885651,0
276,37.518284,126.912636,0
277,37.520119,126.905167,0
278,37.507931,126.895233,0
279,37.513229,126.904465,0
280,37.532101,126.89444,0
281,37.498241,126.893982,0
282,37.48753,126.904877,0
283,37.522518,126.907219,0
284,37.518211,126.902229,0
285,37.499859,126.89724,0
286,37.494572,126.89975,0
287,37.525768,126.905739,1
288,37.528099,126.893387,0
289,37.499809,126.898003,0
290,37.531509,126.897827,0
291,37.513851,126.89888,0
292,37.51012,126.904068,1
293,37.529171,126.907578,0
295,37.514824,126.911881,1
296,37.526302,126.90538,0
297,37.528637,126.912674,0
298,37.527508,126.914299,0
299,37.531792,126.922455,0
3201,37.530735,126.89917,0
3202,37.52869,126.903862,0
3203,37.506115,126.89859,0
3204,37.511242,126.898186,0
3205,37.520466,126.884819,0
3206,37.517071,126.899086,0
3207,37.522526,126.889969,0
3211,37.504383,126.908089,0
3212,37.500172,126.911308,0
3214,37.512024,126.901054,0
3215,37.529743,126.907829,0
3219,37.514874,126.907585,0
3220,37.500137,126.913979,0
3221,37.519333,126.895302,0
800,37.532433,126.954742,1
802,37.541153,127.002213,0
803,37.538139,127.004097,0
805,37.536758,126.970001,1
806,37.533066,126.960732,0
807,37.552277,126.972687,0
808,37.520504,126.989738,0
809,37.530167,127.007439,0
810,37.53841,126.986649,0
811,37.53508,126.985382,0
812,37.53484,126.977661,0
813,37.533512,126.972275,0
815,37.518509,126.978798,0
816,37.530148,126.968483,0
817,37.533451,126.971733,0
818,37.544895,126.969383,0
819,37.541653,126.970505,0
820,37.549026,126.971947,0
822,37.522041,126.965523,1
823,37.54232,126.96196,0
825,37.520336,126.994263,0
827,37.541885,126.97966,0
828,37.544079,126.972,0
829,37.52293,126.961693,0
830,37.534424,126.94857,0
831,37.534279,126.988564,0
832,37.521282,126.973465,0
834,37.539009,126.96138,1
835,37.541981,126.971542,0
836,37.531422,126.9515,0
837,37.52906,127.006729,0
838,37.54446,126.972389,0
839,37.52401,127.00145,0
840,37.523651,126.970268,0
841,37.52961,126.968872,0
843,37.533798,126.98867,0
844,37.527149,126.955162,0
845,37.5327,126.964378,0
846,37.546638,126.981041,0
847,37.534523,126.977501,0
848,37.535259,126.975052,0
849,37.536079,126.973419,0
850,37.537399,126.968926,0
851,37.540478,126.958115,0
852,37.534527,126.947182,0
853,37.528568,126.965691,0
854,37.538727,127.001549,0
855,37.522724,126.972771,0
857,37.535023,126.998055,0
858,37.534409,126.986893,0
859,37.541885,126.995865,1
860,37.520695,126.970978,0
863,37.52177,126.977005,0
864,37.535141,127.006004,0
865,37.540794,126.997849,0
866,37.551548,126.97686,0
867,37.519909,126.989235,0
868,37.53722,126.965019,0
900,37.603943,126.927696,0
901,37.600975,126.926956,0
902,37.643108,126.918221,0
903,37.645866,126.927391,0
904,37.648674,126.930702,0
905,37.636234,126.918999,0
906,37.61721,126.919579,0
907,37.599491,126.916862,0
908,37.613186,126.917351,0
909,37.586994,126.922882,0
911,37.605583,126.922935,1
912,37.589661,126.916946,0
913,37.6007,126.920128,0
914,37.590797,126.913651,0
915,37.584381,126.909897,0
916,37.607849,126.921326,0
917,37.601299,126.935349,0
919,37.607948,126.932503,0
921,37.630016,126.919029,0
922,37.617802,126.921967,0
923,37.620949,126.925636,0
924,37.628517,126.929581,0
925,37.609566,126.930977,0
926,37.611179,126.929665,0
927,37.617855,126.922523,0
928,37.641315,126.938042,0
930,37.601662,126.920303,0
931,37.604736,126.915337,0
932,37.610004,126.916397,0
933,37.612484,126.914879,0
934,37.597141,126.909599,0
937,37.645851,126.923798,0
938,37.644684,126.918457,1
939,37.6017,126.927422,0
941,37.637222,126.933304,0
942,37.644081,126.929283,1
943,37.602402,126.92865,0
945,37.63414,126.932343,0
946,37.618439,126.932884,0
947,37.622669,126.919991,0
948,37.577202,126.902351,0
949,37.619781,126.920807,0
950,37.610779,126.917351,0
951,37.619305,126.920593,0
952,37.62265,126.925247,0
953,37.625778,126.928818,0
954,37.642609,126.921478,0
956,37.594376,126.918159,0
958,37.600361,126.922813,0
959,37.643661,126.914558,0
960,37.638252,126.919456,0
961,37.61097,126.92981,0
962,37.639259,126.918907,0
963,37.614429,126.932579,0
964,37.616112,126.925041,0
965,37.593479,126.923187,0
966,37.609032,126.934677,0
967,37.60891,126.932419,0
968,37.64209,126.929413,0
969,37.64386,126.931877,0
971,37.602329,126.906548,0
972,37.58218,126.894943,0
973,37.637348,126.935844,0
974,37.62672,126.929016,0
975,37.590363,126.923012,0
976,37.643509,126.924103,0
977,37.633102,126.931503,0
978,37.601009,126.935928,0
979,37.591862,126.906082,0
982,37.604126,126.925087,0
984,37.59581,126.910263,0
985,37.601192,126.926384,0
989,37.591812,126.914833,0
991,37.656769,126.942009,0
992,37.658428,126.94606,0
993,37.630287,126.919563,0
994,37.610718,126.93911,1
995,37.631409,126.925407,0
996,37.598606,126.915405,0
301,37.575794,126.971451,0
302,37.575947,126.97406,0
303,37.57177,126.974663,0
304,37.572113,126.977577,0
305,37.572582,126.978355,0
306,37.570808,126.976433,0
307,37.57,126.9711,0
308,37.569969,126.973938,0
309,37.569889,126.976456,0
314,37.579708,126.980858,0
316,37.570396,126.981789,0
326,37.576241,126.98616,0
327,37.573357,126.987465,0
328,37.570396,126.98819,1
329,37.568344,126.987892,0
334,37.570599,126.991791,0
335,37.570198,126.991257,0
337,37.578979,126.996475,0
338,37.570957,126.997124,0
339,37.571068,126.998192,0
340,37.585629,127.000679,0
341,37.58157,127.001785,0
342,37.579784,127.002533,1
343,37.575432,127.004982,0
344,37.574036,127.006721,0
345,37.573307,127.00071,0
348,37.572029,126.960785,0
349,37.576332,126.96859,0
351,37.585079,126.970619,0
352,37.583416,126.985237,0
353,37.579388,126.984947,0
354,37.579155,126.98896,0
355,37.576508,127.002457,0
356,37.577145,127.00206,0
358,37.5825,126.998535,0
359,37.576061,126.997681,0
361,37.573242,127.015907,0
362,37.572224,127.022705,0
363,37.57576,127.022835,0
364,37.579334,127.015083,0
367,37.573849,126.958694,0
368,37.569248,126.980537,0
369,37.575493,126.9785,0
385,37.569836,126.982658,0
386,37.590233,126.99852,0
388,37.585735,127.00161,0
393,37.570141,127.009377,0
394,37.56749,126.965919,0
395,37.568855,126.964561,0
397,37.57048,126.996635,0
446,37.600128,126.957832,0
447,37.603992,126.961945,0
449,37.608719,126.972862,0
450,37.583603,126.972549,0
451,37.583515,126.979668,0
452,37.571239,127.00441,0
453,37.57114,127.000671,0
454,37.570358,126.986382,0
455,37.570961,127.006058,0
456,37.574471,127.019829,0
457,37.57132,127.00721,0
458,37.569939,126.977539,0
461,37.574364,126.972366,0
462,37.603512,126.962067,0
464,37.58419,126.981697,0
465,37.587605,126.983597,1
486,37.60627365,126.9683228,0
3401,37.573761,127.013939,0
3402,37.576607,127.00557,0
3403,37.569508,126.967011,0
3404,37.571854,127.002358,0
3405,37.574551,126.970551,0
3406,37.574059,126.9758,1
3407,37.575806,126.983391,0
3408,37.570511,126.983368,0
3410,37.572037,126.991844,0
3411,37.570702,126.994812,0
3412,37.570313,126.994545,0
3413,37.5732,126.997963,0
3414,37.571175,127.002228,0
3415,37.57146072,127.010788,0
3416,37.571533,127.015617,0
3417,37.577724,127.015251,0
3418,37.579987,127.01506,0
3419,37.581947,126.997368,0
3420,37.583275,126.998856,0
3421,37.583855,127.001854,0
3422,37.584797,126.997131,0
3423,37.575836,127.000694,0
3425,37.574848,126.968269,0
3426,37.575016,126.95755,0
3427,37.576603,126.956749,0
3428,37.595127,126.963493,0
3429,37.59726,126.963089,0
3430,37.60854,126.957138,0
3431,37.607601,126.957687,0
3432,37.569992,126.988342,0
300,37.56805,126.969231,0
310,37.568878,126.97747,0
311,37.566612,126.97747,0
312,37.564674,126.976738,0
318,37.568527,126.982552,0
320,37.566223,126.983589,0
321,37.565464,126.984138,0
322,37.564476,126.986969,0
324,37.56134,126.9804,0
331,37.566383,126.987206,0
332,37.56599,126.987793,0
336,37.562618,126.992836,0
346,37.569183,127.00988,0
347,37.565331,127.007843,1
370,37.563229,126.974838,0
371,37.558872,127.005539,0
372,37.554295,127.0112,0
373,37.555859,127.013855,1
374,37.560474,127.014076,0
375,37.563717,127.018425,1
378,37.569805,127.016953,0
379,37.556,126.973358,0
380,37.563866,127.002747,0
381,37.558533,127.006989,0
382,37.555199,127.010048,0
383,37.565849,127.016403,0
384,37.55978,126.968506,0
387,37.566994,127.003464,1
389,37.56673,126.996605,0
390,37.56139,126.995354,0
391,37.565437,126.973305,0
398,37.566559,126.992439,0
399,37.554108,126.965408,0
428,37.5644,126.991432,0
429,37.549889,127.007347,0
430,37.562172,127.006264,0
431,37.5709,127.019524,0
433,37.566345,126.982292,0
434,37.561489,127.023933,0
435,37.556862,126.975616,0
826,37.555367,126.968643,0
441,37.559891,126.97068,0
442,37.553692,126.97216,0
443,37.562111,126.970718,0
444,37.557602,126.97258,0
445,37.560291,126.974548,0
466,37.565842,126.979813,0
467,37.562214,126.980866,0
468,37.564159,126.979485,0
469,37.559231,126.980141,0
470,37.55965,126.979889,0
471,37.56036,126.982651,0
472,37.567871,126.988983,0
473,37.566051,126.997986,0
474,37.566299,127.008492,1
475,37.56765,127.01181,0
476,37.56443,127.009956,0
477,37.559288,127.002686,0
479,37.559376,127.006027,0
480,37.554321,127.010704,0
481,37.567032,127.015793,0
482,37.55994,127.018478,0
483,37.547585,127.006439,0
484,37.555767,126.977188,0
485,37.557404,126.973251,0
1401,37.614738,127.076363,0
1402,37.600071,127.102333,0
1403,37.59425,127.076576,0
1404,37.595299,127.080032,0
1405,37.599098,127.092949,0
1406,37.606251,127.108269,0
1407,37.611511,127.077888,0
1408,37.610722,127.077477,0
1410,37.577782,127.090187,0
1411,37.592541,127.086739,0
1412,37.590961,127.087067,0
1413,37.617561,127.090309,0
1414,37.581646,127.088432,0
1416,37.595219,127.085999,0
1418,37.617989,127.110542,0
1420,37.614231,127.096764,1
1421,37.612461,127.103378,0
1422,37.620098,127.106461,0
1424,37.606312,127.107742,0
1425,37.58746,127.09597,0
1426,37.573589,127.086823,0
1427,37.574299,127.086914,0
1428,37.616024,127.085968,0
1429,37.599957,127.080002,0
1430,37.606152,127.092598,0
1431,37.606499,127.095451,0
1433,37.602077,127.079582,0
1434,37.579868,127.082367,0
1435,37.608681,127.100792,0
1436,37.605881,127.100632,0
1437,37.58342,127.079926,1
1438,37.616169,127.093483,0
1440,37.586372,127.08007,0
1441,37.616711,127.110733,1
1442,37.598591,127.079819,0
1443,37.59552,127.098778,0
1444,37.574028,127.080544,0
1445,37.579941,127.079399,0
1446,37.591301,127.08033,0
1447,37.588902,127.08728,0
1448,37.597321,127.089798,0
1449,37.596558,127.085838,0
1450,37.619625,127.085014,0
1451,37.592758,127.07267,0
1452,37.585655,127.07505,0
1453,37.604603,127.109253,1
1454,37.607349,127.07859,0
1455,37.596329,127.085899,0
1456,37.595112,127.100327,0
1457,37.58976,127.093239,0
1458,37.59734,127.093086,0
1459,37.59734,127.093086,0
1461,37.593853,127.075073,0
1462,37.593868,127.076523,0
1463,37.573887,127.084831,0
1464,37.603054,127.079002,0
1465,37.613148,127.105148,0
1466,37.618824,127.08757,0
1467,37.613621,127.101151,0
1468,37.611477,127.077393,0
1469,37.609821,127.078133,0
1470,37.605202,127.078583,0
1472,37.604084,127.079231,0
1473,37.594891,127.074951,0
1474,37.595814,127.08284,0
1477,37.575985,127.079605,0
1478,37.597885,127.091263,0
1479,37.581055,127.082092,0
1480,37.581112,127.080101,0
642,37.5701561,127.048584,0
2549,37.45924759,127.0239029,0
2658,37.49535751,127.1156921,0
2744,37.56231308,126.8212585,0
869,37.517296,126.959145,0
870,37.517319,126.958298,0
2743,37.57204437,126.8440018,0
793,37.53355,126.878143,0
797,37.515156,126.87249,0
796,37.514664,126.871941,0
2548,37.50847626,127.0167618,0
1571,37.62673187,127.0387726,1
3600,37.56119156,127.0496826,0
3013,37.56761551,126.9872437,0
2659,37.49416733,127.1045303,0
3588,37.55237198,127.0735397,0
1574,37.61669922,127.0304947,0
2746,37.55134964,126.8249359,0
2745,37.55312729,126.8237457,0
2550,37.46738434,127.0414581,0
795,37.515419,126.8638,0
794,37.516842,126.862953,0
3587,37.54246521,127.0942307,0
1572,37.66446304,127.0118408,0
2547,37.51904678,127.0122833,0
1573,37.61666489,127.02211,0
1268,37.51728821,127.1141968,0
1267,37.51424026,127.1230698,1
583,37.56797028,127.0468903,0
