1695,0,9870,1177.415832
2301,0,2418,1423.573242
2302,0,1326,3210.78663
2303,0,1326,2509.380894
2304,0,2418,3200.288534
2305,0,13446,2551.239748
2306,0,2418,1811.137076
2307,0,13446,1605.609723
2308,0,13446,1605.213801
2309,0,6579,2246.582555
2310,0,13446,2137.268449
2311,0,6579,2602.9417
2312,0,8745,1897.901543
2313,0,6579,1504.38094
2314,0,8745,1672.761634
2315,0,8745,2432.701633
2316,0,12591,2862.948892
2317,1,12591,2120.527771
2318,0,8745,2654.831539
2319,0,8745,3396.051435
2320,0,10890,4891.794645
2321,0,10890,4120.073197
2322,0,12591,3028.982126
2323,0,10890,3508.574464
2324,0,10890,3722.473647
2325,0,10890,4123.709024
2326,0,12591,3746.680889
2327,0,1326,4994.461908
2328,0,6579,4050.423782
2329,0,6579,4163.707188
2330,0,1326,5161.46044
2331,0,6579,4586.325171
2332,0,8745,3822.314204
2333,0,1326,5636.237425
2334,0,8745,5000.629986
2335,0,8745,5710.129341
2336,0,8745,4902.978158
2337,0,10890,4527.699882
2339,0,10890,5939.900847
2340,0,8745,6736.464256
2341,0,10890,5494.698691
2342,0,10890,4277.02676
2343,0,5598,7742.090893
2344,0,5598,7649.752672
2347,0,13446,2748.47471
2348,0,8745,3276.368668
2349,0,1326,4263.749522
2350,0,8745,4828.381886
2351,0,5598,5448.511109
2352,0,2418,2790.804527
2353,0,6579,2813.379057
2354,0,8745,1960.148282
2355,0,12591,2939.538547
2356,0,6579,2407.280703
2357,0,6579,4218.529079
2358,0,10890,6080.294912
2359,0,10890,6792.341113
2360,0,1326,5196.611473
2361,0,2418,1782.374933
2362,0,1326,1978.786506
2363,0,2418,2156.669865
2364,0,2418,2338.1917
2365,0,13446,2189.088866
2368,0,1326,5517.045895
2369,0,8745,3570.584536
2370,0,8745,4483.326841
2371,0,2418,2990.790422
2372,0,10890,4416.68975
2373,0,10890,4935.999109
2375,0,5598,5221.353298
2376,0,5598,5272.707182
2377,0,5598,5317.070568
2380,0,6579,3012.406624
2381,0,1326,3622.198699
2382,0,8745,4069.600176
2383,0,5598,7433.647276
2384,0,5598,6550.162103
2385,0,2418,2733.300422
2386,0,6579,3493.604026
2387,0,5598,6769.011865
2388,0,6579,2414.597582
2389,0,10890,5243.99812
2390,0,10890,5895.971554
2391,0,10890,6497.465116
2392,0,10890,6750.539089
2393,0,10890,7138.056237
2394,0,10890,6275.388754
2395,0,10890,6244.967598
2396,0,8745,5719.179713
2398,0,6579,3697.569146
2401,0,10890,5117.200621
2403,0,10890,4876.689475
2404,0,10890,4545.116566
2405,1,6579,2225.765948
2406,0,1326,2050.615383
2407,0,1326,4147.873712
2408,0,5598,6613.98493
2409,0,1326,4815.176143
2410,0,1326,4196.820643
2411,0,5598,7039.135829
2412,0,5598,4566.514708
2413,0,12591,5059.898834
2414,0,8745,5353.814713
2415,0,8745,4488.727358
2416,0,8745,4600.238002
2417,0,6579,3511.194814
2418,0,8745,2490.166404
2419,0,8745,2452.151258
2420,0,10890,4023.548018
2421,0,1326,3360.385955
2422,0,5598,5463.512414
2423,0,10890,4632.42457
2425,0,5598,7798.99971
2426,0,5598,7357.706241
2427,0,10890,5584.477132
2428,0,10890,5776.363658
2429,0,13446,1709.823383
2430,0,1326,4248.446459
2431,0,10890,4480.78427
1001,0,11835,1677.580717
1002,1,11835,1659.713081
1003,0,11835,1655.493123
1004,0,11835,1973.071922
1006,0,11835,3204.97727
1007,0,11835,2417.772846
1008,0,11835,1742.976314
1009,0,11835,1815.99663
1010,0,11835,3118.937959
1011,0,11835,2866.12763
1012,0,498,1829.549221
1013,0,498,2071.976159
1014,0,11835,3114.051112
1015,1,11835,3484.750404
1016,0,11835,5752.807901
1017,0,11835,3611.848816
1018,0,498,3471.698902
1019,0,498,2955.353778
1020,0,498,2634.785937
1021,0,11835,6130.023596
1022,0,11835,3134.826303
1023,0,11835,5930.608753
1024,0,498,2327.209631
1025,0,11835,5737.397521
1026,0,11835,4272.615977
1027,0,11835,3796.559346
1028,0,498,2017.436862
1029,0,498,2010.862507
1030,0,498,2450.680705
1031,0,11835,2155.276526
1032,0,11835,2707.713679
1033,0,11835,3460.929378
1034,0,11835,4111.143125
1035,0,11835,4283.599343
1036,0,11835,4063.543655
1037,0,11835,6388.958194
1038,1,11835,6358.867248
1039,0,11835,5515.842724
1041,0,11835,4223.174703
1042,0,11835,6536.575463
1044,0,11835,3113.366265
1047,0,11835,2935.143691
1048,0,11835,3620.252914
1049,0,11835,6579.595683
1050,0,498,3343.952836
1051,0,11835,2735.127873
1052,0,11835,4448.736905
1053,1,11835,5278.824579
1054,1,11835,5632.483653
1056,0,11835,6536.159993
1057,1,11835,5910.789887
1058,1,11835,5107.083581
1059,0,11835,2412.047831
1060,0,11835,2253.608497
1061,0,11835,2398.569076
1062,1,11835,4873.888913
3539,0,11835,2835.617782
1063,0,11835,3250.764735
1064,0,498,4200.35644
1065,0,11835,4140.233337
1066,1,11835,4094.848918
1067,0,11835,4316.0845
1068,0,11835,4342.463532
1069,0,11835,4391.047243
1070,0,11835,4526.992282
1071,1,11835,4699.284731
1072,0,11835,4146.296335
1073,0,11835,3062.649204
1074,0,11835,3679.550781
1075,0,11835,2727.426412
1076,0,11835,3099.740187
1077,0,11835,2581.560053
1078,0,498,3554.499728
1079,0,11835,5791.227462
1080,0,11835,2236.248656
1081,0,11835,2307.974349
1082,0,11835,4206.930178
1083,0,11835,4539.209674
1084,0,498,3121.790764
1085,0,11835,3460.827549
1086,0,11835,3360.62359
1088,0,498,2221.12568
1089,0,11835,3725.550772
1090,0,11835,5261.810938
1501,0,55326,182.4629949
1503,0,51195,70.94637195
1504,0,11313,192.5992152
1506,0,13479,343.2399569
1509,0,10146,348.89974
1510,0,10146,333.9012389
1511,0,10146,316.0155903
1512,0,5889,309.8336488
1513,0,7563,96.07276242
1514,0,51195,177.2026286
1515,0,14598,232.1402127
1516,0,17817,428.0164954
1518,0,17817,63.49268861
1519,0,22812,321.9028781
1520,0,9636,70.86364004
1522,0,11205,689.1549323
1525,0,55326,298.2461717
1526,0,32118,184.7360717
1527,0,55326,326.5535871
1528,0,14598,313.3642894
1529,0,45153,242.3227709
1530,0,5889,128.9519257
1531,0,59070,95.80628833
1532,0,1101,409.8617794
1533,0,1101,294.0010928
1534,1,8385,55.5031499
1535,0,126267,117.1556203
1536,0,14532,360.7831877
1537,0,11205,355.7049694
1538,1,11205,499.1377532
1539,0,22812,186.1680891
1540,0,17817,106.4804438
1541,0,11313,454.5228025
1542,0,11313,135.7774837
1543,0,26367,516.6893509
1545,0,11313,589.8902425
1546,0,72090,53.85505816
1547,1,10911,639.7956877
1548,1,2697,420.6225054
1551,0,7218,136.1928759
1552,0,51195,94.38511148
1553,0,10146,530.8374657
1554,0,10146,500.2564514
1557,0,10146,37.08316007
1558,0,2697,233.0800459
1560,0,10911,270.6275333
1564,0,22812,170.9380931
1565,0,126267,199.4064976
1566,0,14598,308.6743078
1568,0,22812,47.88169665
1569,0,51195,92.96808012
1101,0,28650,14015.22595
1102,0,28650,12834.63655
1103,0,28650,12801.0636
1105,1,28650,12778.5881
1106,0,28650,12426.37075
1108,0,3822,13015.17258
1109,0,3822,12980.73951
1110,0,3822,12470.90773
1111,0,28650,11987.69227
1112,0,28650,11713.66906
1113,1,28650,11858.16964
1114,0,28650,11561.1076
1115,0,3822,8083.053579
1117,0,3822,9954.369875
1118,0,3822,8473.31954
1119,0,3822,7857.17463
1120,0,28650,9182.804449
1121,0,3822,8296.966363
1122,1,28650,8375.689521
1124,0,3822,10458.28419
1125,0,3822,10486.30821
1126,0,3822,10413.38694
1127,0,3822,10148.36838
1128,0,3822,10003.80575
1129,0,3822,10009.83637
1130,0,3822,9804.374449
1131,1,3822,9599.046835
1132,0,3822,8102.258859
1135,0,3822,8108.620301
1136,0,3822,8129.170309
1137,0,3822,7982.307767
1139,0,3822,7942.973187
1140,0,3822,7931.593968
1141,0,3822,9279.933032
1145,0,3822,9316.035666
1146,0,3822,10170.24963
1148,1,3822,9603.596817
1149,0,28650,12295.03701
1150,0,3822,12935.06015
1151,0,3822,11786.76839
1152,0,3822,11477.05395
1153,0,3822,10500.15401
1155,0,28650,9629.387057
1157,0,3822,9296.454493
1158,0,3822,9151.559618
1159,0,28650,9822.480684
1160,0,28650,10303.6424
1161,0,3822,11900.88667
1162,0,3822,12109.06593
1163,0,28650,12115.2721
1165,0,28650,11989.72179
1166,0,28650,10228.6601
1167,0,3822,11420.18082
1168,0,3822,12164.12137
1169,0,3822,7083.673086
1170,0,3822,7618.666006
1171,0,3822,7263.430184
1172,0,28650,8674.465556
1173,0,3822,9127.529555
1174,0,3822,9294.519676
1175,0,3822,8715.317037
1177,0,3822,11556.83491
1178,0,28650,13333.83252
1180,0,3822,11180.4832
1181,0,3822,12023.65343
1182,0,3822,9529.462184
1183,0,3822,8936.369797
1184,0,3822,12343.08608
1185,0,28650,9611.591342
1186,0,3822,12298.33934
1187,0,3822,12068.71199
1188,0,28650,11384.36529
1190,0,3822,11521.44661
1191,0,3822,11470.78
1192,0,3822,11391.12124
1193,0,3822,11029.83974
1194,0,28650,10710.76348
1195,0,28650,10919.66225
1196,0,28650,10744.0597
1197,0,3822,10732.86849
1198,0,3822,11511.99034
1199,0,3822,10434.62481
1200,0,28650,13968.91842
2701,0,28650,11520.44614
2702,0,28650,12178.91865
2703,0,3822,7303.031956
2704,0,3822,9125.651968
2706,0,28650,12420.52585
2707,0,28650,9974.171971
2708,0,28650,9634.788545
2709,0,28650,8935.784906
2710,0,28650,10222.63499
2711,1,3822,10228.50444
2712,0,3822,9795.736881
2713,0,3822,9525.931485
2714,0,3822,10953.75324
2715,0,28650,11471.6426
2716,0,28650,11406.9005
2717,0,3822,10926.90334
2718,0,3822,10935.42571
2719,1,3822,11249.31878
2720,0,3822,11229.41261
2721,0,28650,10473.43874
2722,0,3822,10494.89456
2723,0,3822,10676.54649
2724,0,28650,10479.79368
2725,0,28650,10704.0639
2727,0,28650,11223.51401
2728,0,28650,11447.19141
2729,0,28650,11415.66709
2730,0,3822,10774.68388
2731,0,3822,10689.4391
2732,0,3822,11149.68532
2733,0,3822,12033.55134
2735,0,3822,11801.52383
2736,0,28650,11735.52952
2737,0,3822,9429.079174
2739,0,3822,11193.52771
2740,0,28650,11051.14248
2741,0,3822,11285.61548
2742,0,3822,9465.600704
2102,0,9132,5608.538204
2103,0,9132,5584.576556
2104,0,22488,4810.137975
2105,0,9132,6597.40185
2106,0,9132,6969.629237
2107,0,22488,5970.648726
2108,0,22488,4912.741711
2109,1,9132,4976.914686
2110,0,9132,7146.828929
2111,0,22488,4696.040304
2112,0,22488,4754.300405
2113,0,9132,6915.205289
2115,0,9132,7339.287634
2116,0,22488,4710.737103
2119,0,22488,4303.42669
2122,0,22488,4763.681722
2127,0,9132,7752.427947
2128,0,22488,4895.231708
2129,0,22488,5783.051435
2130,0,22488,5462.585472
2135,0,9132,5466.586886
2136,0,9132,5402.317364
2137,0,9132,5077.31409
2139,0,22488,6339.079051
2140,0,9132,5906.095868
2141,0,22488,6414.274522
2143,0,22488,6149.871642
2144,0,9132,6691.403926
2145,0,22488,4660.126404
2148,0,22488,4808.761122
2156,0,9132,6870.84819
2159,0,22488,5111.869894
2160,0,22488,4997.844593
2164,0,9132,5246.88095
2165,0,22488,4831.621447
2167,0,22488,4858.974449
2169,0,22488,5071.763625
2170,0,9132,6641.743807
2171,0,22488,4678.68363
2172,1,22488,6181.930846
2173,0,9132,5060.399086
2174,0,9132,5110.273139
2175,0,9132,5212.106554
2176,1,9132,5778.765771
2177,0,9132,6135.974297
2178,0,22488,6286.996129
2179,0,22488,4871.834018
2183,0,22488,6430.381467
2184,0,22488,4222.873654
2185,0,22488,6328.622303
2186,0,22488,4705.592906
2187,0,22488,4384.419011
2189,0,22488,5059.168945
2190,0,9132,5096.88857
2191,0,22488,6409.182828
2195,0,9132,5186.955236
2196,0,9132,5139.793487
2198,0,22488,4715.800009
2199,0,22488,4736.069963
2200,0,22488,6180.689983
3304,0,22488,4752.253715
3305,0,22488,4808.170135
3306,0,22488,7434.353476
3307,0,22488,3559.514601
3310,0,22488,5514.642833
3311,0,22488,4728.233534
3500,0,26370,91.15599303
3501,0,7854,160.8915416
3502,0,13857,264.6836694
3503,0,11835,290.8973526
3504,0,25311,270.6058339
3505,0,14631,200.7143032
3506,0,4155,97.12912594
3507,0,27414,572.0752458
3508,0,44040,210.4555482
3509,0,24042,163.5206781
3510,0,10398,130.5107131
3516,0,21771,410.3190113
3517,0,41874,137.257406
3518,0,26370,39.58428806
3520,0,13380,311.9959197
3521,0,21771,396.1192238
3523,0,7854,453.786867
3524,0,29361,259.681226
3528,0,11835,382.3278492
3529,1,29361,369.0296725
3533,0,86214,96.76287785
3534,0,59940,53.44464602
3535,0,26979,532.3853115
3536,0,10890,208.7724368
3537,0,26979,816.8919992
3541,0,13380,474.2951208
3542,0,13380,474.2951208
500,1,27414,224.0068748
501,0,86214,292.9306726
502,0,8745,442.0757623
504,0,10890,234.9600036
505,0,7854,124.0191046
515,0,5598,292.7415966
516,0,27414,247.5210197
539,0,13119,208.8032594
540,0,32571,37.46822736
542,0,15831,129.383363
543,1,15831,172.7898075
544,0,498,435.8564626
546,0,5598,110.8913944
548,0,10890,440.3868996
549,0,26979,375.9831341
551,0,21771,24.33510593
552,0,15831,175.1387478
553,0,1839,234.0833675
555,0,15831,326.9582538
571,1,29361,227.4350329
572,0,13857,115.5469678
573,0,13380,14.62199107
574,0,26979,291.3515616
575,0,13857,13.30969965
576,0,498,73.20945375
577,0,11835,213.7328308
584,0,27414,57.83585191
588,0,8745,360.1216082
590,0,86214,184.861286
591,0,60873,402.5233727
592,0,7854,606.0582724
593,0,10890,434.7860465
3543,0,24042,264.2610928
3563,0,15831,226.6418711
3564,0,21771,844.5580026
3566,0,25311,147.8569352
3569,0,86214,107.7918177
3570,0,37578,111.9459106
3571,0,24381,258.3666031
3573,0,24042,452.7957609
3575,0,43617,161.3599791
3577,0,10890,279.8651456
3578,0,26979,226.3186242
3579,0,44040,174.1945601
3581,0,27414,178.2812669
3582,0,27414,235.2779779
3586,0,23295,66.78917541
1901,0,3822,7205.937319
1904,0,3822,6648.557491
1906,0,3822,6268.33387
1907,0,97248,8452.728681
1908,0,97248,8431.503626
1910,0,97248,7376.387226
1911,0,9132,7068.908783
1912,0,97248,7492.838364
1913,1,97248,7233.390655
1914,0,97248,6841.287701
1916,0,97248,7173.407264
1920,0,3822,6695.35312
1924,0,9132,7933.393724
1925,0,3822,8525.570827
1928,0,3822,8492.503218
1929,1,3822,9491.174183
1930,0,3822,9737.996423
1931,0,3822,9516.604939
1933,0,3822,10118.65709
1936,0,3822,9479.796448
1937,0,97248,10483.68827
1941,0,3822,10687.64128
1943,0,3822,12313.40662
1946,0,3822,7369.963107
1951,0,97248,11760.65776
1952,0,97248,11183.29383
1953,0,3822,11449.71215
1955,0,9132,7235.470506
1956,0,3822,6895.03666
1957,0,97248,8370.971659
1958,0,97248,7057.535097
1959,0,97248,7053.655469
1960,0,97248,6687.417708
1961,1,3822,6253.950434
1962,0,9132,7887.4572
1964,0,3822,8878.685826
1965,0,3822,9328.032969
1966,0,3822,9061.033491
1967,1,3822,10189.29364
1968,1,3822,10200.45038
1969,1,3822,11588.59326
1971,0,3822,12252.72211
1973,0,3822,11548.20948
1974,0,3822,7093.367358
1975,0,97248,6947.806139
1976,0,97248,7983.643941
1977,0,3822,11489.23708
1979,0,97248,8492.217075
1981,0,97248,11563.83701
1983,0,3822,7134.268794
1984,0,97248,7209.507764
1985,0,97248,6749.779306
1986,0,97248,7492.82441
1987,0,97248,9564.651577
1988,0,3822,8794.421572
1991,0,3822,10482.99217
1992,0,3822,11718.6466
1993,0,3822,11691.11855
1994,0,3822,8367.251214
1996,0,97248,8514.338642
1998,0,3822,8299.455356
1999,0,3822,11708.40225
2000,0,3822,6404.934896
2801,0,9132,7515.786878
2804,0,3822,13416.42695
2805,0,3822,12699.97416
2806,0,3822,12641.2327
2807,0,3822,13105.30204
2808,0,3822,13088.95028
2809,0,3822,13148.6343
2810,0,3822,13134.40467
2812,0,3822,13073.71455
2813,0,3822,12887.751
2814,0,3822,12876.22804
2815,0,3822,13764.32251
2816,0,3822,13791.00436
2817,0,97248,11715.41675
2818,0,3822,11727.81753
2819,0,3822,11413.0197
2820,0,3822,9976.601408
2821,0,3822,8789.54477
2822,0,3822,8071.427393
2823,0,3822,8016.96797
2824,1,3822,6293.200744
2825,0,97248,7795.221108
2826,0,97248,8211.571505
1804,0,9132,9270.733301
1805,0,97248,8831.394275
1806,0,97248,8502.43747
1808,0,9132,9014.398787
1809,0,9132,9176.562726
1812,0,97248,8443.483905
1814,0,9132,8333.207921
1816,1,9132,10180.07503
1819,0,9132,9689.364058
1820,0,9132,10538.71191
1821,0,9132,9827.222634
1822,0,9132,9744.606411
1823,0,9132,9331.493492
1824,1,9132,9739.251044
1825,0,9132,10111.38543
1826,0,9132,10082.13731
1827,0,9132,9896.186578
1828,0,9132,7945.32854
1829,0,9132,8541.857867
1830,0,9132,8583.736078
1831,0,9132,8225.323007
1833,0,9132,9172.653724
1834,0,97248,8974.3931
1835,0,97248,8776.950896
1836,0,9132,8069.583722
1839,0,9132,8727.950273
1840,0,9132,8667.752312
1841,0,9132,8278.985175
1842,0,9132,8569.878087
1843,0,9132,7062.999576
1845,0,9132,9570.140248
1846,0,9132,9361.481024
1847,0,9132,9809.135047
1848,0,9132,8767.562567
1849,0,97248,8287.916676
1850,0,97248,8415.594815
1851,0,97248,8655.12837
1852,0,9132,9288.301849
1853,0,9132,8356.819314
1854,0,9132,7821.957509
1855,0,9132,10062.42531
1856,0,9132,7175.978376
1857,0,9132,9848.005491
1858,0,9132,11156.34448
1859,0,9132,9275.567648
1861,0,22488,11154.98054
1862,0,9132,9174.29213
1863,0,9132,9188.163476
1864,0,9132,9493.265309
1865,0,9132,9673.772374
1866,0,9132,9940.715334
1867,0,97248,8527.004246
1868,0,9132,10129.16559
1869,0,9132,9424.155707
1870,0,9132,7688.969422
1601,0,6960,480.7655665
1602,0,6561,806.0119701
1603,0,6561,624.1807047
1605,0,6561,1489.872841
1606,0,9870,429.3009325
1608,0,9162,1276.194319
1610,0,3228,448.631804
1611,0,9162,1569.707226
1616,0,10047,1981.092529
1617,1,10047,1489.755484
1619,0,10047,2340.918706
1620,0,10047,1788.777905
1623,0,10047,1617.862081
1625,0,30849,2125.064821
1627,0,7458,918.9624553
1628,0,10401,786.858585
1630,0,10401,925.022738
1634,1,10401,2744.458432
1635,0,10401,3218.985871
1636,0,10047,1096.418317
1637,0,30849,1168.566981
1639,0,9681,879.3330208
1640,1,9870,1134.761487
1641,1,9870,873.5034905
1642,0,4200,810.3585665
1643,0,9870,227.1885837
1646,0,4200,2818.334466
1650,1,10047,1476.826362
1651,0,10401,828.5992252
1652,0,9681,933.9478375
1653,0,30849,1215.433947
1654,0,30849,2491.910788
1655,0,9870,1817.003364
1656,0,30849,1525.409514
1657,0,30849,629.7184145
1659,0,30849,1921.351227
1660,0,10047,2362.524874
1661,1,30849,1429.29543
1662,0,30849,790.4263915
1663,0,6561,392.859689
1664,1,10047,1832.692518
1665,1,10047,2319.509059
1666,0,30849,1914.81731
1667,0,30849,2132.174712
1668,0,10047,1152.350919
1669,0,10047,1321.228044
1670,0,10047,1923.833118
1671,0,1101,963.1970639
1672,0,1578,883.4752309
1673,0,30849,949.9873777
1674,0,30849,695.0142798
1675,0,6561,797.9905844
1677,0,4200,577.1426083
1678,0,10047,1295.337409
1679,0,4200,3163.026507
1680,0,4200,3224.279436
1681,0,10047,2825.62893
1682,0,30849,2438.452814
1683,0,30849,2726.005533
1684,0,9870,330.7705571
1685,0,10047,2684.162361
1686,0,30849,1081.003032
1688,0,10401,1164.425899
1689,0,10401,1233.747191
1690,0,30849,921.0560637
1691,0,30849,1545.592228
1692,0,30849,1818.438523
1693,0,4200,1262.352658
1696,0,9681,723.6505699
1697,0,30849,721.5059033
1700,0,10401,1870.047837
2901,0,6561,1557.568758
2902,0,6561,1532.733411
2903,0,10146,431.5550644
2904,0,30849,2123.993381
2905,0,10047,2552.987849
2907,0,1101,839.5704737
2908,0,6561,451.3528612
2909,0,6960,603.6576531
2910,0,9162,754.6641373
2911,0,30849,2025.318134
2912,0,10047,2233.376385
2913,0,10401,690.23609
2914,0,4200,1362.726734
2915,0,9162,2143.219634
2917,0,1101,275.4952235
2919,1,10047,1574.357527
2920,0,30849,1656.616549
2921,0,10047,1269.291175
1702,0,10047,69.87936849
1703,0,1578,292.0870064
1705,0,10401,289.4355885
1706,0,10908,736.5312683
1707,0,8616,823.4369839
1708,0,8616,659.6879543
1709,0,9450,686.7187971
1713,0,5889,389.8638001
1714,0,10047,501.7765597
1715,0,22812,579.1195027
1716,0,30849,75.60472793
1717,0,30849,226.5084212
1719,0,10908,119.3398367
1720,0,10401,371.1955269
1721,0,16617,278.5694039
1722,0,30849,459.0527876
1723,0,8616,639.5812019
1725,0,10047,638.6671528
1726,0,8616,302.3408174
1727,0,7458,442.6032494
1728,0,7458,212.2563622
1729,0,9681,95.27150376
1730,0,1578,179.583759
1731,0,1578,80.04060827
1732,0,10908,519.6174715
1733,0,8616,645.8371668
1734,0,8616,401.9883173
1735,0,7458,325.6863048
1736,0,9450,962.6970788
1737,0,9450,768.8862676
1738,0,10047,239.0554055
1741,0,9450,101.3684995
1742,0,5889,480.8889064
1743,0,30849,405.2348147
1744,0,10908,774.7930148
1746,0,10908,666.983659
1748,0,10908,359.2467434
1749,0,10401,620.0458132
1750,0,1578,485.8563821
1751,0,16617,755.0385477
1752,0,10047,141.0532152
1754,0,9450,291.2744973
1756,0,16617,530.2708673
1757,1,11205,550.0503533
1758,0,11205,372.0972993
1759,0,7458,364.6399959
1761,0,8616,587.2192705
1762,0,16617,699.5669267
1765,0,9450,649.6830815
1767,0,8616,197.3954324
1768,0,8616,548.8191345
1770,0,8616,84.77707743
1771,0,8616,563.5749764
1772,0,8616,368.4881115
1774,0,9450,798.6915652
1775,0,16617,475.2194631
600,0,8163,291.1354136
601,0,33093,97.34238254
602,0,13080,204.6597951
604,1,12903,121.7941213
605,0,9639,39.5678808
606,0,20064,276.0829074
607,0,2907,576.1960811
608,0,21675,291.5940004
609,0,9285,34.35148676
610,0,6522,243.5113085
612,0,4437,42.62334714
613,0,14922,225.8521704
614,0,3516,212.0737481
615,0,6849,267.6763547
616,0,21675,130.8110399
617,0,10035,281.978842
621,0,10035,260.0381945
622,0,10035,260.0463155
623,0,21675,64.40479572
624,0,4023,238.1145005
625,0,12903,134.9156897
626,0,7077,349.490365
627,0,3411,119.5158917
628,0,20064,454.8515498
630,0,33093,213.5415053
631,0,59670,261.1913822
633,0,36747,246.5798086
634,0,63669,119.7838354
635,0,3654,378.8359023
636,0,7596,219.3538808
637,0,15741,368.6589344
638,0,7188,356.3247065
639,0,7188,114.1955461
640,0,36747,19.94330074
641,0,1353,44.08382678
643,0,13365,458.4852042
646,0,12936,126.8360778
647,0,2907,623.9447843
648,0,12936,447.8567256
650,0,8163,157.4371957
652,0,10557,531.0866854
654,1,8976,228.9956429
656,0,9285,515.2805618
657,0,8910,177.4693861
658,0,13080,506.3142939
659,0,6849,29.693726
660,0,96225,190.4365383
661,0,15741,401.7312392
663,0,63669,213.6907126
664,0,7188,335.8517903
665,0,1425,392.8188176
666,0,2907,297.1838482
667,0,36747,490.3749836
668,0,13365,44.64483744
669,0,4314,266.6092937
670,0,38034,81.13976383
671,0,14922,186.897142
672,0,10743,177.482866
673,0,37023,295.2157911
674,0,37023,262.6805121
675,0,1839,395.0397634
676,0,6849,363.0692387
677,0,36747,293.9461663
678,0,3411,330.9257439
679,0,10035,560.6749996
680,0,13158,110.5344776
681,0,10035,410.9608674
2002,0,9132,1682.88262
2003,1,9132,1886.596791
2007,0,97248,2853.836737
2008,1,97248,3514.893254
2009,0,9132,4656.818749
2012,0,9132,6492.947525
2013,0,9132,3019.746858
2015,0,9132,4102.806015
2016,0,9132,4278.399741
2020,0,9132,3152.018435
2024,0,9132,2897.824675
2025,0,22488,1529.934887
2026,0,22488,1600.941275
2027,0,22488,1994.217415
2032,0,22488,3772.912717
2033,0,22488,4215.535028
2034,0,22488,4715.069834
2036,0,22488,2776.325229
2037,1,22488,1776.109576
2038,0,22488,1773.445289
2040,0,22488,1540.653618
2041,0,22488,3656.373488
2048,0,22488,3346.535051
2050,0,9132,2449.268429
2054,0,9132,2308.08396
2056,0,9132,5357.715801
2057,0,9132,3314.659255
2058,0,9132,2175.794673
2059,1,9132,5090.28128
2060,0,22488,3854.752313
2061,0,22488,1579.893119
2062,0,22488,3679.807752
2063,0,97248,3340.82325
2064,0,22488,1753.249385
2065,0,97248,3375.336393
2066,0,9132,6359.492519
2067,0,9132,4906.187946
2068,0,22488,3541.701302
2069,0,22488,3178.120023
2070,0,9132,2181.955527
2071,0,22488,3382.712156
237,0,9132,5337.607974
2073,0,9132,6505.4665
2076,1,9132,1474.247776
2077,0,9132,1692.619275
2078,0,22488,1556.826134
2079,0,22488,2112.035808
2080,0,97248,3474.967085
2081,0,97248,3136.660384
2082,0,22488,3765.524172
2083,0,22488,2086.180379
2084,0,9132,2728.512717
2085,0,97248,4443.987087
2086,0,22488,3528.136232
2088,0,9132,3035.559357
2089,0,22488,4478.06558
2090,0,22488,3934.842122
2091,0,22488,3895.251217
2092,0,22488,2034.04053
2093,0,22488,2578.390775
2094,0,22488,3138.875083
2095,0,22488,3125.96781
2096,0,9132,3214.612077
101,0,3822,4491.166587
102,0,3822,4398.087734
103,0,3822,4343.013513
104,0,3822,3792.261371
105,0,3822,3774.532949
106,0,3822,3873.713464
107,0,3822,3945.235608
108,0,3822,3629.109785
109,0,3822,3253.352975
111,0,3822,2982.11335
112,0,3822,3079.135505
113,0,12504,3551.462807
114,0,12504,3488.662001
118,0,3822,2356.160303
119,1,3822,2262.119984
120,0,3822,2028.639479
121,0,3822,2401.481546
122,0,3822,1892.381022
124,0,3822,2278.807549
125,0,3822,2026.827964
126,0,12504,1717.827303
127,0,12504,2337.423874
129,0,12504,2308.56917
130,0,12504,2427.310795
136,0,12504,1926.741918
142,0,12504,946.3678643
143,0,3822,1067.392929
144,0,3822,936.5788527
145,0,3822,1005.135211
146,0,3822,843.8830023
147,0,3822,794.4487649
148,0,3822,1204.512471
150,0,12504,2560.781314
151,0,3822,4789.897349
152,0,3822,5427.98654
153,0,28650,4116.890026
154,0,28650,4842.996764
155,0,28650,3852.524189
156,0,12504,734.1651723
157,0,12504,616.1017082
181,0,3822,4816.049041
182,0,3822,4811.048849
183,0,28650,3530.699165
184,0,28650,4733.926728
185,1,3822,1867.927993
186,1,28650,5365.133195
199,0,28650,5453.111473
400,0,28650,6701.463032
401,0,28650,6792.854544
402,0,28650,6892.566823
403,1,28650,6511.140579
405,0,28650,6368.327967
406,0,28650,6806.510419
407,0,28650,6528.140061
408,0,28650,6269.14088
409,0,28650,6034.81736
410,0,28650,6144.18569
411,0,28650,5821.174413
412,0,28650,5877.649382
413,0,28650,5983.945891
414,0,28650,5558.861186
415,0,28650,5299.79566
416,0,28650,5550.722538
417,0,28650,5068.292851
418,0,28650,5174.558345
419,0,28650,5165.915798
420,0,28650,5487.936064
421,0,28650,5062.283153
422,0,28650,5593.35213
424,0,28650,5235.861412
425,0,28650,6415.04126
426,0,12504,839.9313099
427,0,28650,4765.136405
432,0,28650,4532.546555
436,0,12504,1622.70803
437,0,3822,1783.403168
438,0,28650,4612.683223
439,1,3822,828.9032327
440,1,28650,6746.77612
487,0,3822,1622.125079
488,0,28650,6884.900524
489,1,28650,6586.997449
490,1,28650,6196.052528
491,0,28650,6113.191223
492,0,28650,4903.32749
493,0,12504,3094.763098
495,0,3822,972.4479487
497,0,3822,4060.008134
498,0,28650,3322.640775
3002,0,28650,4874.84389
3003,0,12504,1111.533885
3005,0,28650,4968.272041
3006,0,28650,6120.552203
3007,0,28650,5964.138073
3008,0,28650,5210.063096
3009,0,3822,3696.558841
3010,0,28650,3388.777882
3011,0,12504,2613.447281
110,0,28650,3572.726069
115,0,28650,3222.571389
116,0,28650,2923.544722
117,0,13872,1797.596388
123,1,13872,1157.977451
128,0,12504,2424.278007
131,0,28650,4204.141881
133,0,28650,4336.235966
134,0,12504,2344.222687
135,0,12504,2300.357075
137,0,12504,1879.635729
138,0,12504,2686.938099
139,0,28650,2646.169356
140,0,32307,2209.58708
141,0,28650,2604.246461
158,1,32307,136.1404384
159,0,12504,1625.604065
160,0,30174,686.9333244
161,0,28650,990.828504
162,0,28650,1475.209192
163,0,28650,3014.941457
164,0,28650,4176.123107
165,1,28650,3832.551831
166,0,28650,3333.348129
167,0,28650,3583.68041
169,0,28650,4380.257561
170,0,28650,3091.113258
171,0,37566,471.5600946
173,0,37566,568.436065
175,0,28650,2367.740933
176,0,28650,3017.214348
177,0,28650,4206.35559
178,0,28650,4532.106712
179,0,28650,3816.45137
180,0,11205,646.8154018
188,0,28650,2329.55307
191,0,28650,4135.921937
192,1,28650,3045.698839
194,0,28650,4805.438352
195,0,28650,3589.495938
196,0,28650,2954.461704
198,0,11205,655.0961147
3100,0,12504,1198.372694
3101,0,28650,1914.202779
3102,0,28650,2401.604047
3103,0,28650,1592.115567
3104,0,30174,962.7545978
3105,0,13872,1771.861117
3106,0,28650,2756.894145
3107,0,28650,2207.28739
3109,0,13872,1698.660859
3110,0,13872,2235.279909
3111,0,28650,1013.973167
3112,0,28650,161.5195488
3113,0,32307,249.7212156
3114,0,11205,420.6684311
3115,0,32307,1161.349513
3116,0,12504,2349.904057
3117,0,28650,1628.716008
3119,0,28650,2669.775579
3120,0,28650,3516.638889
3121,0,28650,3948.302073
3122,0,28650,4492.428847
3123,0,28650,3742.207313
3124,0,28650,3161.384958
3125,0,28650,2609.395961
3126,0,28650,3189.692032
3127,0,28650,2074.07656
3128,0,28650,2009.738913
3129,0,28650,4064.987353
3130,0,28650,3403.375924
3131,0,28650,3211.002315
3132,0,13872,1544.954633
3133,0,12504,1435.762298
3134,0,11205,414.625549
2201,0,10890,9122.10106
2202,0,10890,9529.009353
2203,0,10890,9655.161835
2205,1,10890,8913.838541
2206,0,10890,8804.986612
2207,0,10890,8761.947932
2210,0,1329,2867.577023
2211,0,1329,3027.731313
2212,0,1329,3493.92092
2213,0,1329,2607.071909
2214,0,1329,2271.312878
2215,0,1329,2494.590033
2217,0,1329,1798.248767
2219,0,1329,2279.390988
2220,0,22488,2250.469278
2221,0,22488,4080.295579
2222,0,22488,4598.065249
2223,0,22488,5211.025901
2225,0,22488,5327.071988
2226,0,22488,5380.860622
2227,0,22488,3653.31416
2228,1,22488,3422.088786
2229,0,22488,3660.579639
2230,0,22488,3750.778033
2231,0,1326,4122.718434
2233,0,1329,4615.219481
2235,0,22488,4744.218832
2237,0,1329,4857.307088
2239,0,1329,3868.802428
2241,0,1326,5914.959599
2242,0,1326,5759.198113
2243,0,1326,6103.668689
2244,0,1326,6551.63846
2245,0,1329,6593.556515
2246,0,1329,6948.823641
2247,1,1329,7503.766419
2248,0,1329,7709.775737
2249,0,1329,7928.469715
2250,0,1329,7893.161648
2251,0,1329,7355.218256
2252,0,1329,7824.814678
2255,1,1329,7297.080668
2256,0,1329,7623.283767
2257,0,10890,8268.712278
2258,0,10890,7208.617573
2259,0,1326,2087.539716
2262,0,1326,1676.264167
2263,0,1329,6590.820023
2264,0,22488,3450.825439
2265,0,22488,2785.122159
2266,0,1329,4007.505499
2268,0,1326,3476.605753
2269,0,1326,2457.71865
2270,0,10890,9463.692424
2271,0,22488,3838.035029
2272,0,1329,4421.510858
2273,0,1326,6531.135335
2274,1,1329,7407.290929
2275,0,10890,8306.823557
2276,1,1326,6904.894249
2277,0,1326,1956.263558
2279,0,1329,3943.884392
2280,0,1329,4757.825542
2281,0,22488,4885.425939
2282,0,1329,5352.831246
2283,0,22488,3810.682767
2284,0,22488,5755.524105
2285,0,1329,7902.134274
2286,0,10890,8458.036675
2287,0,10890,8603.779949
2288,0,10890,8635.577066
2289,0,22488,6198.54145
2290,1,1329,2820.542491
2292,0,1329,5087.752128
2293,0,1326,5779.689022
2294,0,8745,6883.339128
2297,0,1329,4788.558432
2298,0,1326,3447.128689
2299,0,1329,5299.404547
2501,0,10890,9290.988633
2502,0,1329,3876.814629
2503,0,1326,3293.285286
2504,0,1326,1990.357343
2505,0,1326,4650.346383
2506,0,22488,4639.940178
2508,0,1326,6171.91304
2509,0,17322,2729.458437
2510,0,1329,5282.66289
2511,0,22488,3984.796471
2514,0,1329,3162.538267
2515,0,1326,3906.047301
2516,0,10890,8971.326595
2517,0,1329,5041.640907
2518,0,1329,5053.059288
2519,0,1329,4654.966073
2520,0,1329,4069.674719
2521,0,1329,4020.152757
2523,0,1329,2101.219981
2524,0,1329,2382.020312
2525,0,1329,2261.992012
2526,0,1329,2266.674525
2527,0,17322,2366.614168
2528,0,22488,3085.774882
2529,0,22488,3549.468262
2530,0,22488,2570.133148
2531,0,22488,3016.468564
2532,0,1329,5316.961035
2533,0,1329,5177.245324
2534,0,10890,8546.10147
2535,0,1329,2320.434842
2536,0,1329,8468.498944
2537,0,1326,5983.583107
2538,1,1326,1394.240689
2539,0,1326,8058.364616
2540,0,1329,2869.23873
2541,0,10890,11307.85548
2542,0,1326,3246.741728
2545,0,1329,3082.68981
3511,0,65784,783.4526723
3513,0,55704,112.7658326
3514,0,3528,265.8139705
3515,1,13446,7.723223851
3525,0,28719,281.2691729
3527,0,3528,241.8719738
3530,0,68637,414.1929711
3531,0,68637,384.1853149
3532,0,3528,415.5308158
3538,0,17571,323.3897091
506,0,6753,242.437714
507,0,6753,152.598689
508,0,22692,23.90133532
509,0,21657,495.9234738
510,1,13446,225.3930521
511,1,13446,295.9845025
512,0,17571,78.58810234
513,0,15678,346.7450426
514,0,12123,39.04010953
518,0,1353,335.2329515
519,0,55704,171.8332129
520,0,55704,180.3835934
521,0,46134,173.1920391
522,0,26436,318.9630262
523,0,9954,33.49613599
524,0,28719,495.8643673
525,0,32190,201.6839326
526,1,56811,384.8569465
529,0,6750,122.863221
530,0,55704,369.3583911
533,0,26436,97.47731451
534,0,28719,246.2425204
535,0,38058,460.8984355
536,0,38058,95.17243067
537,0,32190,341.0381554
538,0,59670,237.4965534
550,0,1353,307.3951432
556,1,9954,565.3325446
557,0,5286,374.5747341
558,0,73830,112.1403517
559,0,46134,41.21043467
560,0,24042,287.6080084
561,1,13446,222.2645041
562,0,13119,250.2517264
563,0,16059,208.8172756
564,0,642,396.089833
565,0,9954,378.2791468
567,0,22692,97.88049615
568,0,5286,297.8457827
569,0,28719,658.1867703
578,0,16059,262.3272767
579,0,73830,545.8384914
581,0,3315,397.3199578
582,0,37299,501.2622436
583,0,13548,165.6869158
585,0,6579,263.1582111
586,0,13548,425.6996216
587,0,15678,122.0284121
589,0,25461,134.6082137
594,0,26667,509.8051162
3544,0,32115,209.3412823
3545,0,32115,33.33196708
3547,0,55704,150.3840329
3548,0,17571,216.8824815
3549,0,24042,303.1233095
3550,0,28719,444.6602823
3551,0,26667,452.4096788
3552,1,13446,105.5677567
3553,0,13548,543.6581704
3555,0,55704,166.5346931
3556,0,32232,531.5743694
3557,0,32190,312.3668792
3558,0,27360,468.228509
3559,0,17571,257.2137332
3560,0,56811,352.3895412
3561,0,46134,277.7951747
1302,0,18669,597.4860378
1303,0,22305,339.9264993
1304,1,5949,457.4864627
1305,0,17508,52.81231911
1306,0,18669,627.4552003
1308,0,3516,364.9868132
1313,0,7578,80.04430176
1314,0,7578,199.4479643
1315,0,1830,593.9415956
1316,0,1830,581.3847525
1318,0,35460,99.89350818
1319,0,65307,169.1754507
1320,0,14874,284.3586984
1321,0,19290,220.0529291
1322,0,7392,89.28736328
1323,0,16626,281.7528475
1325,0,22353,131.6044627
1326,0,22353,110.1462101
1327,0,5274,206.9148128
1328,0,16626,52.76360229
1332,0,6960,362.927417
1333,0,13419,163.5100277
1334,0,6960,287.2429785
1336,0,22305,269.2417116
1337,0,17508,161.1517185
1338,0,19845,267.0178505
1339,0,12828,180.0928179
1340,0,6561,48.7112436
1342,0,5949,78.9843328
1343,0,18669,700.169826
1344,0,7578,323.1999281
1346,1,3243,270.3343723
1347,0,3243,387.9641066
1348,0,35460,300.6209314
1349,0,6561,522.5880057
1351,0,10743,210.933535
1352,0,19845,254.1174497
1353,0,35460,174.5463675
1354,0,9285,309.3069235
1355,0,2301,38.89937421
1357,0,6258,14.7826387
1358,0,32607,101.7066741
1359,0,8385,83.47561345
1360,0,7578,23.65142969
1361,0,5949,433.4311297
1362,0,19845,55.74771325
1363,0,19845,209.8829598
1364,0,18669,468.7615413
1365,0,5949,169.9179286
1366,0,7392,295.0637321
1367,0,35460,198.1061246
1368,0,183168,276.1474627
1369,0,56115,312.5547665
1370,0,5949,242.8897892
1372,0,37023,128.603299
1373,0,16626,282.2331512
1375,0,8289,198.1221413
1376,0,5163,304.80603
1377,0,22353,190.7883453
1379,0,3243,415.0974869
1380,0,16626,170.7510065
1381,0,6960,519.6556155
1382,0,31662,195.5299425
1383,0,18669,511.4674798
1384,0,22305,52.20765716
1385,0,22305,96.09334591
1386,0,6189,49.02836473
1388,0,22305,447.0203794
1390,0,9327,57.62919134
1391,0,6228,334.0690379
1392,0,10722,124.7174449
1393,0,10722,38.13350083
1394,0,9540,53.34808958
1395,0,6561,237.2168014
1396,0,6561,237.8558555
1397,0,12828,278.3026498
1201,0,15831,5163.234326
1203,0,15831,5191.119982
1204,0,15831,6494.339792
1205,0,10890,2529.902276
1206,0,10890,2355.590764
1207,0,498,6501.0391
1208,0,498,2098.051335
1209,0,15831,1890.351491
1210,0,15831,2529.320598
1211,0,15831,2855.798621
1212,0,15831,4323.976766
1213,1,15831,4631.139693
1214,0,15831,4717.823521
1215,1,498,3884.135602
1217,0,15831,6987.618991
1218,0,15831,4087.156134
1220,1,10890,3016.30883
1221,0,5598,3185.429232
1222,0,5598,2320.635578
1224,0,10890,2256.899085
1226,0,15831,2373.546493
1227,0,15831,6455.862051
1228,0,15831,6254.536751
1229,0,15831,6613.091965
1230,0,15831,5481.83687
1231,0,5598,2368.480488
1232,0,5598,2466.715879
1233,0,5598,2559.740449
1235,0,5598,2728.25256
1239,0,15831,6410.337549
1240,0,15831,6455.154221
1241,0,15831,6424.964924
1242,0,15831,6335.229947
1243,0,15831,6098.325748
1244,0,15831,6472.456596
1245,0,15831,6797.877216
1246,0,15831,7032.360209
1247,0,15831,6798.286014
1248,0,15831,3436.968159
1249,0,10890,3004.067825
1250,0,5598,5245.389134
1251,0,15831,3480.774773
1253,0,15831,4828.35208
1256,0,15831,5666.721713
1257,0,15831,5242.186973
1258,0,15831,5623.341184
1259,0,15831,4133.23318
1260,0,15831,4050.203315
1262,0,15831,3561.898592
1263,0,15831,7187.914502
1264,0,498,1709.891629
1265,1,15831,6109.071498
1266,1,15831,6683.581076
1269,0,5598,2363.042411
1271,0,15831,5390.578653
1274,0,498,1918.494474
1275,0,15831,5297.930786
1277,0,15831,5206.539386
1278,0,15831,2449.402745
1279,0,498,6814.982229
1280,0,498,7114.919187
1282,0,15831,5783.199514
1283,1,15831,4732.916006
1285,0,15831,7844.750794
1286,0,15831,7939.753603
1287,0,15831,7685.387149
1288,0,15831,6207.464725
1289,0,498,1534.370272
1290,0,15831,7778.235155
1291,0,498,3448.693669
1293,0,5598,3058.682153
1295,0,15831,2424.289418
1296,1,15831,3065.557214
1297,0,15831,3028.868655
1299,0,498,3912.494669
1300,0,15831,5124.834121
2601,0,5598,3104.598784
2603,0,15831,6863.315473
2604,0,498,1557.030168
2605,0,15831,7691.644752
2606,1,15831,7389.959718
2607,0,15831,7758.849561
2608,0,15831,2568.922117
2609,0,498,3769.804773
2610,0,15831,2971.09359
2611,0,498,1340.366179
2612,0,5598,5272.785736
2613,0,5598,1822.99959
2614,0,15831,4254.784531
2615,0,15831,5732.837258
2616,0,15831,5992.039466
2617,0,15831,5858.543046
2618,0,5598,3128.742608
2619,0,5598,3507.277482
2620,0,15831,3256.90896
2621,0,15831,2884.817733
2622,1,498,3862.203063
2623,0,5598,3587.578436
2625,0,5598,4553.15265
2626,0,15831,5134.075588
2627,1,15831,6125.487228
2628,0,15831,5961.742326
2629,0,15831,5874.660889
2630,0,15831,3679.150079
2631,0,5598,4036.34468
2632,0,5598,3497.072223
2633,0,15831,7922.244635
2634,0,15831,7509.94661
2635,0,5598,2394.908802
2637,0,10890,2335.250275
2638,0,498,2275.976615
2639,0,15831,3488.356611
2641,0,5598,4311.664574
2642,0,498,6087.165602
2643,0,15831,2019.029667
2644,0,15831,5401.5094
2645,0,10890,1955.447587
2646,0,5598,2822.742688
2647,0,15831,2698.778128
2648,0,5598,4539.307076
2649,1,15831,4770.702452
2650,0,15831,7427.87116
2651,0,15831,5169.893323
2652,0,15831,4650.857155
2653,1,15831,4111.862883
2654,0,15831,4532.937489
2655,1,15831,4449.521464
2656,0,15831,2216.489695
2657,0,15831,7154.859641
700,0,3822,7225.45047
701,0,3822,7896.179149
702,0,3822,7474.453045
703,0,3822,6977.590187
704,0,3822,7920.158655
706,0,3822,9089.317218
707,0,3822,8973.43
708,0,3822,7581.030036
709,0,3822,10212.12322
710,0,3822,10156.32128
711,0,3822,9474.021371
712,0,3822,10353.1491
713,0,3822,10889.84579
714,0,3822,10816.66015
716,0,3822,8108.482675
719,0,3822,7881.682818
720,0,3822,10666.29473
722,0,3822,8608.686937
723,0,3822,7146.644073
724,1,3822,8900.584805
725,0,3822,9153.617488
726,0,3822,7392.072802
729,0,3822,8127.329972
731,0,3822,6806.102079
732,0,3822,11042.46186
733,0,3822,11051.05043
734,1,3822,8909.396668
735,0,3822,7222.733907
736,1,3822,10396.05728
737,1,3822,9275.195076
739,0,3822,11077.47647
740,1,3822,10732.54879
741,0,3822,11297.70737
742,0,3822,8018.350245
743,0,3822,10198.70659
744,0,3822,6320.734517
745,0,3822,10132.81131
746,0,3822,6673.996874
747,0,3822,6858.368722
748,0,3822,6560.060757
749,0,3822,5894.819575
750,1,3822,10703.07184
752,0,3822,7982.445359
754,0,3822,6797.626477
755,0,3822,6356.058725
756,0,3822,6879.914071
757,0,3822,11241.49254
758,0,3822,8619.274649
759,0,3822,10202.31665
760,0,3822,10132.2709
762,0,3822,6840.201193
763,0,3822,8753.673467
764,0,3822,6853.079551
765,0,3822,6972.374684
766,0,3822,6266.46968
767,0,3822,10839.4211
768,0,3822,6258.749444
769,0,3822,6993.709099
770,0,3822,7881.603177
771,0,3822,7399.209658
773,0,3822,7066.414005
774,0,3822,7762.368414
775,0,3822,7906.937502
776,1,3822,5985.130793
777,0,3822,10477.85492
779,0,3822,8984.295394
780,0,3822,6994.241467
781,0,3822,7059.432764
782,0,3822,10962.92264
785,0,3822,7939.094047
786,0,3822,7678.067706
787,0,3822,8566.472341
788,0,3822,8158.138599
790,0,3822,9269.397101
791,0,3822,7463.554452
792,0,3822,7358.344138
200,0,3822,3567.17469
201,0,3822,2865.825243
202,0,3822,2648.493196
203,0,3822,3166.563792
204,0,3822,3306.961874
205,0,3822,3072.190778
206,0,3822,3339.041636
207,0,3822,2096.35718
209,0,3822,2551.478234
210,0,3822,2665.72971
211,0,3822,2926.376859
212,0,3822,3064.347743
213,0,3822,3385.932236
214,0,3822,3182.423417
215,0,97248,2005.723698
216,0,97248,2229.164589
217,0,97248,2498.793525
218,0,3822,2518.471927
219,0,97248,2925.347197
220,0,97248,2976.330111
221,0,97248,1898.439406
222,0,97248,2132.252559
223,0,97248,2446.494449
224,0,97248,2456.216815
225,1,97248,2853.205876
226,0,97248,2889.383736
227,0,3822,5830.009479
228,0,3822,5206.447483
229,0,3822,5400.364116
230,0,3822,5182.608819
231,0,3822,5563.552477
232,0,3822,5884.331186
233,0,3822,5500.123859
234,0,97248,5634.564054
235,0,97248,5048.450557
236,0,3822,5606.953634
238,0,3822,4577.015368
239,0,3822,4545.154206
240,0,3822,5424.333842
241,1,97248,5861.531175
242,0,97248,4652.839951
243,0,3822,5547.128649
244,0,3822,4247.640917
245,0,3822,5069.213087
247,0,3822,4528.50651
248,0,3822,2619.283182
249,0,97248,1910.406789
250,0,97248,3962.736503
251,0,97248,4279.764594
252,0,9132,4753.543394
253,0,97248,5372.349695
254,0,97248,5585.268886
255,0,97248,5590.065064
256,0,3822,5571.592364
257,0,97248,3796.719722
258,0,3822,3968.185276
259,0,97248,3338.972476
260,0,3822,3649.520313
262,0,3822,5917.941544
263,0,3822,6060.91327
264,0,3822,5650.003846
265,0,3822,5258.610486
266,0,3822,4899.722053
267,0,3822,4860.990641
268,0,3822,4710.916537
270,0,3822,2733.256365
271,1,3822,3343.128456
272,0,3822,4386.197838
274,0,3822,4512.544061
275,0,3822,6135.982999
276,0,3822,4065.283539
277,0,3822,4578.92321
278,0,3822,5967.645916
279,0,3822,4967.520519
280,0,3822,5213.28075
281,0,97248,6621.69164
282,0,9132,6643.643884
283,0,3822,4316.006804
284,0,3822,4899.138468
285,0,97248,6283.002803
286,0,97248,6466.207529
287,1,3822,4336.960571
288,0,3822,5354.536494
289,0,97248,6231.10895
290,0,3822,4920.627641
291,0,3822,5369.977483
292,1,97248,5170.473088
293,0,3822,4100.02535
295,1,3822,4314.669531
296,0,3822,4353.583037
297,0,3822,3669.311079
298,0,3822,3557.696667
299,0,3822,2758.75504
3201,0,3822,4811.043621
3202,0,3822,4432.043133
3203,0,97248,5809.338015
3204,0,3822,5558.725821
3205,0,3822,6271.268984
3206,0,3822,5203.82094
3207,0,3822,5773.636961
3211,0,97248,5211.936262
3212,0,97248,5288.919096
3214,0,3822,5295.365584
3215,0,3822,4068.004839
3219,0,3822,4637.933132
3220,0,97248,5119.69917
3221,0,3822,5425.002821
800,1,97248,89.73691352
802,0,53223,263.6508798
803,0,53223,110.5745937
805,1,12141,215.5000279
806,0,11835,184.3772744
807,0,199899,142.3918789
808,0,1329,381.3603552
809,0,1326,195.9391276
810,0,31008,198.3139634
811,0,31008,231.4498783
812,0,10356,84.55618309
813,0,19755,248.0474833
815,0,17322,216.5886905
816,0,46359,73.52262458
817,0,19755,217.5312558
818,0,50685,230.9970845
819,0,5712,116.199573
820,0,3774,167.6871829
822,1,9132,427.2548093
823,0,6582,394.9925877
825,0,1329,496.2331847
827,0,12738,498.4642324
828,0,5712,185.3595601
829,0,9132,301.837454
830,0,3822,439.427733
831,0,58980,100.96539
832,0,22488,319.0162306
834,1,6120,294.9745016
835,0,63048,36.93371925
836,0,97248,378.8420031
837,0,1326,333.6665641
838,0,5712,239.3808685
839,0,1329,942.07508
840,0,9132,657.2577807
841,0,46359,122.3983325
843,0,58980,112.4571416
844,0,97248,558.3748434
845,0,24801,326.5301053
846,0,12738,69.68356737
847,0,10356,75.70032793
848,0,10356,155.2581111
849,0,12141,98.1354926
850,0,12141,324.9118285
851,0,6120,599.8834936
852,0,3822,557.3727304
853,0,46359,245.039467
854,0,53223,173.7632045
855,0,22488,483.5414884
857,0,25473,144.5551907
858,0,58980,247.4895888
859,1,5871,301.4929793
860,0,22488,464.0848298
863,0,17322,225.4232561
864,0,24936,59.37123664
865,0,5871,509.9680859
866,0,15765,171.2425814
867,0,1329,457.0108626
868,0,8019,64.57099999
900,0,13872,2726.976293
901,0,13872,2761.056785
902,0,5637,5355.18591
903,0,5637,5108.960018
904,0,5637,5230.15809
905,0,5637,4762.292635
906,0,5637,3627.142819
907,0,13872,3649.619181
908,0,5637,3709.128204
909,0,28650,3317.433168
911,1,5637,3163.048634
912,0,13872,3824.218119
913,0,13872,3361.643329
914,0,13872,4067.449461
915,0,28650,4312.828748
916,0,5637,3300.170524
917,0,13872,2024.127581
919,0,5637,2316.251796
921,0,5637,4322.021634
922,0,5637,3449.362573
923,0,5637,3294.171624
924,0,5637,3495.534711
925,0,5637,2463.028644
926,0,5637,2602.173168
927,0,5637,3405.401717
928,0,5637,4207.498888
930,0,13872,3349.837993
931,0,13872,3817.161872
932,0,5637,3746.33025
933,0,5637,3911.162361
934,0,13872,4301.90248
937,0,5637,5285.52477
938,1,5637,5473.458967
939,0,13872,2723.893632
941,0,5637,4019.795741
942,1,5637,4852.010997
943,0,13872,2622.190992
945,0,5637,3791.757691
946,0,5637,2599.573509
947,0,5637,3823.876991
948,0,28650,4859.221045
949,0,5637,3624.477674
950,0,5637,3670.835895
951,0,5637,3621.93357
952,0,5637,3415.488105
953,0,5637,3349.626452
954,0,5637,5125.567036
956,0,13872,3592.735084
958,0,13872,3124.649172
959,0,5637,5619.708375
960,0,5637,4888.407264
961,0,5637,2585.746502
962,0,5637,5001.872346
963,0,5637,2443.035805
964,0,5637,3131.920049
965,0,13872,3179.735217
966,0,5637,2132.802799
967,0,5637,2329.774182
968,0,5637,4660.190228
969,0,5637,4712.371551
971,0,13872,4563.812018
972,0,28650,5561.847733
973,0,5637,3911.332994
974,0,5637,3401.655066
975,0,13872,3292.638448
976,0,5637,5059.963633
977,0,5637,3748.338977
978,0,13872,1971.416503
979,0,13872,4690.433542
982,0,13872,2957.243064
984,0,13872,4257.882958
985,0,13872,2812.300226
989,0,13872,3938.731007
991,0,1101,5614.519035
992,0,1101,5327.193095
993,0,5637,4301.896617
994,1,5637,1775.760047
995,0,5637,3983.788511
996,0,13872,3781.191024
301,0,23067,37.36950253
302,0,33726,130.6745858
303,0,51915,83.7162791
304,0,73200,106.6548679
305,0,73200,34.5378258
306,0,128235,111.0647733
307,0,73605,25.76482465
308,0,26733,59.37006431
309,0,128235,27.00211474
314,0,32868,128.1828666
316,0,39477,169.6966755
326,0,65682,184.5598775
327,0,61656,132.5074748
328,1,275511,131.799714
329,0,37179,154.5224594
334,0,159564,108.8408355
335,0,159564,57.2022875
337,0,24594,397.3953308
338,0,51126,125.0110193
339,0,51126,39.11315262
340,0,52860,154.4669948
341,0,137385,55.28792322
342,1,22422,141.1036378
343,0,4143,199.8741496
344,0,4143,143.9365987
345,0,9051,19.98765973
348,0,32307,174.7306834
349,0,23067,222.8051049
351,0,41502,64.85265014
352,0,13347,68.27024464
353,0,50904,200.6512259
354,0,16659,101.410523
355,0,33354,287.3263403
356,0,33354,278.8830923
358,0,24594,70.23352763
359,0,33354,140.5421689
361,0,6744,84.25567994
362,0,69288,391.2754979
363,0,14922,241.6234301
364,0,14436,200.7046572
367,0,28650,181.6725888
368,0,162441,144.5430948
369,0,61428,216.8150644
385,0,64776,230.9354875
386,0,18669,278.6122769
388,0,52860,174.9175114
393,0,131124,132.7856137
394,0,32307,506.0387118
395,0,32307,314.8916873
397,0,71025,97.43622561
446,0,13872,39.60044862
447,0,5637,455.0799825
449,0,5316,334.0823075
450,0,41502,207.039663
451,0,828,249.0798534
452,0,18516,108.5623291
453,0,77913,177.5984762
454,0,87855,74.91174638
455,0,18516,66.60337278
456,0,69288,68.55207363
457,0,18516,141.3604635
458,0,153570,10.92560726
461,0,23571,80.59335917
462,0,10509,428.5275782
464,0,828,93.04088434
465,1,8214,159.0559495
486,0,5316,815.7219673
3401,0,6744,119.7560596
3402,0,4143,331.7870009
3403,0,73605,389.392599
3404,0,77913,125.5545068
3405,0,23067,144.9306456
3406,1,33726,130.0366014
3407,0,65682,67.34472157
3408,0,94959,190.2421966
3410,0,159564,222.1404172
3411,0,71025,73.34557039
3412,0,71025,111.7786578
3413,0,9051,234.8091348
3414,0,77913,59.19860047
3415,0,62268,50.20327689
3416,0,6744,256.3696424
3417,0,14436,30.99438863
3418,0,14436,272.533131
3419,0,24594,61.14354616
3420,0,24594,137.3161959
3421,0,193128,82.93753147
3422,0,24594,271.1405208
3423,0,33354,126.1910835
3425,0,23067,265.0462883
3426,0,28650,17.34556126
3427,0,28650,173.486656
3428,0,2895,570.5232512
3429,0,2895,380.4890463
3430,0,5637,205.5706338
3431,0,5637,104.9790272
3432,0,275511,110.2321819
300,0,73605,286.1671913
310,0,153570,117.9110914
311,0,60099,73.65162859
312,0,46908,91.23841449
318,0,64776,159.9908066
320,0,54090,90.11364403
321,0,54090,9.401266068
322,0,12456,107.2637952
324,0,90267,134.7077958
331,0,37179,73.89006033
332,0,16275,82.67556274
336,0,88356,161.9326131
346,0,26181,146.7339909
347,1,55035,143.7368827
370,0,91023,95.05329527
371,0,20550,156.5742427
372,0,16611,528.0287065
373,1,21771,447.6607367
374,0,21771,78.8983724
375,1,14808,166.2947119
378,0,20307,121.0464521
379,0,32919,134.7773279
380,0,12033,48.72886709
381,0,16611,74.11884627
382,0,16611,387.5004155
383,0,14808,180.4476416
384,0,11205,176.9323475
387,1,19614,131.4172289
389,0,12459,308.8687591
390,0,88356,253.9028469
391,0,74436,24.20944588
398,0,19095,147.7565394
399,0,30174,53.44878424
428,0,19095,198.0272752
429,0,9915,320.5983251
430,0,2520,102.335453
431,0,20307,371.2648555
433,0,26091,117.1409685
434,0,3528,279.9711899
435,0,40524,54.87062958
826,0,46092,138.4510004
441,0,32961,186.8022854
442,0,199899,44.43713421
443,0,17919,253.3558316
444,0,82122,68.95378103
445,0,77376,143.920728
466,0,46734,67.01306771
467,0,90267,33.53749566
468,0,17775,56.37199283
469,0,152196,188.6765526
470,0,152196,158.3317106
471,0,58989,64.33379752
472,0,39870,119.6952873
473,0,12459,339.7735678
474,1,128418,108.8838227
475,0,26181,202.5251021
476,0,2520,312.7655353
477,0,3963,160.833877
479,0,20550,100.9438886
480,0,16611,500.8898838
481,0,20307,214.7900352
482,0,32232,4.374197307
483,0,9915,132.6575648
484,0,6060,88.62901552
485,0,82122,58.74181631
1401,0,9870,96.18177698
1402,0,12039,305.2962681
1403,0,16788,242.8528102
1404,0,2865,188.3719527
1405,0,10923,464.9532488
1406,0,13218,928.4944305
1407,0,61287,98.57884324
1408,0,9273,116.8869671
1410,0,7002,35.95776382
1411,0,70458,253.5704404
1412,0,72699,218.0674823
1413,0,4200,147.9094789
1414,0,32391,33.83833575
1416,0,70458,51.44976317
1418,0,13218,1808.061274
1420,1,4200,825.5749382
1421,0,13218,941.3525799
1422,0,4200,1570.131803
1424,0,13218,883.3241409
1425,0,3273,117.372719
1426,0,7002,588.0116923
1427,0,7002,518.7194828
1428,0,3228,147.9128285
1429,0,12819,150.9459998
1430,0,13218,470.0249351
1431,0,13218,250.5575332
1433,0,33012,8.430374797
1434,0,14055,228.31593
1435,0,13218,464.5772121
1436,0,13218,258.9705406
1437,1,6660,60.50683367
1438,0,4200,467.3548729
1440,0,6660,269.0745784
1441,1,13218,1710.062406
1442,0,12819,182.1482724
1443,0,12039,292.2514509
1444,0,1839,547.784421
1445,0,2583,113.7365473
1446,0,10575,256.2067707
1447,0,72699,64.93756204
1448,0,44064,140.5530368
1449,0,70458,200.2641552
1450,0,3228,312.1570277
1451,0,16788,139.8717925
1452,0,6660,461.8682191
1453,1,13218,1010.769528
1454,0,7383,191.5306119
1455,0,70458,174.2978054
1456,0,12039,281.4842506
1457,0,984,161.6352326
1458,0,10923,274.9590811
1459,0,10923,274.9590811
1461,0,16788,108.0344117
1462,0,16788,221.3995399
1463,0,49743,613.7274915
1464,0,33012,115.7837024
1465,0,13218,1091.809158
1466,0,4200,131.9444265
1467,0,13218,977.7316587
1468,0,61287,82.11759895
1469,0,9273,185.6142359
1470,0,9348,300.0235909
1472,0,33012,218.9602794
1473,0,16788,199.4255085
1474,0,8217,195.5745701
1477,0,2583,546.5448204
1478,0,44064,282.3761985
1479,0,12453,128.7578757
1480,0,2583,31.98578966
642,0,13548,125.8088706
2549,0,1329,7753.897044
2658,0,15831,4837.252054
2744,0,3822,12031.86404
869,0,9132,966.4875576
870,0,9132,993.8686988
2743,0,28650,10002.20212
793,0,3822,6640.844205
797,0,3822,7481.228755
796,0,3822,7543.932089
2548,0,1326,2675.115437
1571,1,2697,384.2297672
3600,0,3315,102.5455157
3013,0,37179,63.38442819
2659,0,5598,4590.915914
3588,0,24042,155.5528185
1574,0,10911,143.910885
2746,0,3822,11467.50114
2745,0,3822,11603.12612
2550,0,1329,7707.002119
795,0,3822,8207.60486
794,0,3822,8238.599013
3587,0,21771,255.1545852
1572,0,11205,456.52403
2547,0,1326,1438.353072
1573,0,14598,135.8658512
1268,0,15831,2708.046841
1267,1,15831,3507.65927
583,0,13548,165.6483166
