{
  "settings": {
    "number_of_shards": 2,
    "number_of_replicas": 1
  },
   "mappings": {
    "dynamic": "true",
    "_source": {
      "enabled": "true"
    },
    "properties": {
      "user": {
        "type": "keyword"
      },
      "creationDate": {
        "type": "date"
      },
      "title": {
        "type": "text"
      },
      "title_vector": {
        "type": "dense_vector",
        "dims": 512
      },
      "questionId": {
        "type": "keyword"
      },
      "answerId": {
        "type": "keyword"
      },
      "acceptedAnswerId": {
        "type": "keyword"
      },
      "tags": {
        "type": "keyword"
      },
      "body": {
        "type": "text"
      },
      "type": {
        "type": "keyword"
      }
    }
  }
}
